destination_id,name,description,rating,phone,email,address,image
1,"Park Hyatt Saigon","Sang trọng, đẳng cấp 5 sao, trung tâm văn hóa và giải trí.",4.8,"(+84) 28 3824 1234","saigon@hyatt.com","2 Công Trường Lam Sơn, Bến Nghé, Quận 1, TP.HCM",
1,"Sheraton Saigon Hotel & Towers","Khách sạn quốc tế, view sông đẹp, hồ bơi lớn ngoài trời.",4.5,"(+84) 28 3827 8888","reservations@sheraton.com","88 Đồng Khởi, Bến Nghé, Quận 1, TP.HCM",
1,"Pullman Saigon Centre","Thiết kế hiện đại, vị trí thuận tiện, có rooftop bar và hồ bơi.",4.3,"(+84) 28 3935 0000","h7474@accor.com","148 Trần Hưng Đạo, Phường Nguyễn Cư Trinh, Quận 1, TP.HCM",
1,"Liberty Central Saigon Citypoint","Gần các khu mua sắm, tầm nhìn đẹp, hồ bơi vô cực.",4.1,"(+84) 28 3827 7777","res@libertycentral.com.vn","59-61 Pasteur, Bến Nghé, Quận 1, TP.HCM",
1,"A-In Hotel Bùi Viện","Khách sạn boutique nhỏ, gần phố đi bộ Bùi Viện, tiện nghi cơ bản.",3.8,"(+84) 90 9111 222","booking@ainhotel.vn","92 Bùi Viện, Phường Phạm Ngũ Lão, Quận 1, TP.HCM",
2,"Sofitel Saigon Plaza","Khách sạn sang trọng, yên tĩnh ở Quận 3, gần các lãnh sự quán.",4.7,"(+84) 28 3822 8888","H2077@sofitel.com","17 Lê Duẩn, Phường Bến Nghé, Quận 1, TP.HCM (Giáp Q3)",
2,"Blue Diamond Luxury Hotel","Khách sạn tiêu chuẩn 4 sao, dịch vụ thân thiện, gần Dinh Độc Lập.",4.2,"(+84) 28 3829 3333","info@bluediamondhotel.com","28-30 Thái Văn Lung, Bến Nghé, Quận 1, TP.HCM (Giáp Q3)",
2,"Khách sạn Kỳ Đồng","Khách sạn truyền thống, phòng ốc sạch sẽ, vị trí trung tâm Quận 3.",3.9,"(+84) 28 3848 3000","reservation@kydonghotel.vn","509 Nguyễn Đình Chiểu, Phường 2, Quận 3, TP.HCM",
2,"Lotus Apartment - District 3","Căn hộ dịch vụ hiện đại, thích hợp cho lưu trú dài hạn, khu vực yên tĩnh.",4.4,"(+84) 90 3456 789","lotusapt@email.com","123 Nam Kỳ Khởi Nghĩa, Phường 6, Quận 3, TP.HCM",
2,"Vien Dong Hotel","Khách sạn phổ thông, giá cả phải chăng, gần chợ Bến Thành.",3.7,"(+84) 28 3836 9146","sales@viendonghotel.com.vn","275A Phạm Ngũ Lão, Phường Phạm Ngũ Lão, Quận 1, TP.HCM (Giáp Q3)",
3,"Windsor Plaza Hotel","Khách sạn 5 sao duy nhất ở Quận 5, dịch vụ tuyệt vời, gần các trung tâm thương mại.",4.6,"(+84) 28 3833 6688","sales@windsorplazahotel.com","18 An Dương Vương, Phường 9, Quận 5, TP.HCM",
3,"Arc En Ciel Hotel","Khách sạn 3 sao, nằm trong khu phố người Hoa (Chợ Lớn), ẩm thực phong phú.",4.0,"(+84) 28 3855 2415","hotel@arcenciel.com.vn","52-56 Tản Đà, Phường 10, Quận 5, TP.HCM",
3,"Fortune Hotel 2","Khách sạn bình dân, tiện nghi cơ bản, gần các bệnh viện lớn.",3.6,"(+84) 28 3923 0000","fortunehotel2@gmail.com","273 An Dương Vương, Phường 3, Quận 5, TP.HCM",
3,"Khách sạn Thái Bình","Khách sạn kinh doanh nhỏ, giá cả phải chăng, thuận tiện giao thông.",3.5,"(+84) 28 3924 5555","thaibinh@hotel.vn","112 Hồng Bàng, Phường 12, Quận 5, TP.HCM",
3,"Bát Đạt Hotel","Khách sạn lâu đời tại Chợ Lớn, kiến trúc độc đáo, có phòng họp nhỏ.",3.9,"(+84) 28 3855 1666","datbat@batdat.com","238-240 Trần Hưng Đạo B, Phường 11, Quận 5, TP.HCM",
4,"Hotel Equatorial Ho Chi Minh City","Khách sạn 5 sao, gần khu Phú Mỹ Hưng, có sân tennis và phòng tập gym.",4.4,"(+84) 28 3839 7777","res@equatorialhcm.com","242 Trần Bình Trọng, Phường 4, Quận 5, TP.HCM (Gần Q7)",
4,"Merperle Crystal Palace","Trung tâm hội nghị, kiến trúc Châu Âu, thích hợp tổ chức sự kiện.",4.1,"(+84) 28 5411 9999","info@merperlecrystalpalace.com","13 Nguyễn Lương Bằng, Tân Phú, Quận 7, TP.HCM",
4,"Oakwood Residence Saigon","Căn hộ dịch vụ cao cấp, đầy đủ tiện nghi, môi trường sống xanh.",4.5,"(+84) 28 3773 3773","rsvn@oakwoodsaigon.com","105 Tôn Dật Tiên, Tân Phú, Quận 7, TP.HCM",
4,"ibis Styles Saigon South","Khách sạn quốc tế, giá phải chăng, gần SECC và Crescent Mall.",3.9,"(+84) 28 5410 8888","h9264@accor.com","471 Nguyễn Thị Thập, Tân Phong, Quận 7, TP.HCM",
4,"Phu My Hung Residence","Chung cư dịch vụ, tiện nghi gia đình, an ninh tốt.",4.0,"(+84) 90 2888 777","phumyhungres@gmail.com","Lô R, đường Phạm Thái Bường, Tân Phong, Quận 7, TP.HCM",
5,"Vinpearl Landmark 81 - Autograph Collection","Khách sạn cao nhất Việt Nam, view thành phố và sông Sài Gòn tuyệt đỉnh.",4.9,"(+84) 28 3971 7777","rsvn.landmark81@vinpearl.com","720A Điện Biên Phủ, Phường 22, Quận Bình Thạnh, TP.HCM",
5,"The Alcove Library Hotel","Khách sạn boutique theo chủ đề thư viện, yên tĩnh, độc đáo.",4.2,"(+84) 28 3840 8888","booking@thealcovehotel.com.vn","133A Nguyễn Văn Đậu, Phường 5, Quận Bình Thạnh, TP.HCM",
5,"Moc Huong Hotel","Khách sạn tiêu chuẩn, giá tầm trung, gần các trường đại học.",3.7,"(+84) 28 3510 5555","mochuong@hotel.vn","111 D5, Phường 25, Quận Bình Thạnh, TP.HCM",
5,"Ami Hotel & Apartment","Căn hộ dịch vụ hiện đại, thiết kế tối giản, gần khu văn phòng.",4.0,"(+84) 91 8555 123","ami.rsvn@gmail.com","20/3 Bùi Hữu Nghĩa, Phường 2, Quận Bình Thạnh, TP.HCM",
5,"Thanh Da Hotel","Khách sạn bình dân, nằm ở bán đảo Thanh Đa, không gian thoáng đãng.",3.5,"(+84) 28 3899 9999","thanhdahotel@yahoo.com","36 Bùi Đình Túy, Phường 24, Quận Bình Thạnh, TP.HCM",
6,"Tan Son Nhat Hotel","Khách sạn 4 sao, gần sân bay quốc tế Tân Sơn Nhất, có hồ bơi.",4.3,"(+84) 28 3842 3747","info@tansonnhat.vn","202 Hoàng Văn Thụ, Phường 9, Quận Tân Bình, TP.HCM",
6,"Novotel Saigon Centre (Tân Bình)","Thương hiệu quốc tế, gần sân bay, dịch vụ tiện nghi.",4.2,"(+84) 28 3939 7111","h7965@accor.com","167 Hai Bà Trưng, Phường 6, Quận 3, TP.HCM (Gần sân bay)",
6,"Air Star Hotel & Apartment","Căn hộ dịch vụ, phù hợp với khách quá cảnh, có xe đưa đón sân bay.",3.8,"(+84) 90 1234 567","airstar@hotel.vn","40 Lam Sơn, Phường 2, Quận Tân Bình, TP.HCM",
6,"Hanz P&N Hotel","Khách sạn mini, sạch sẽ, giá rẻ, gần khu công nghiệp Tân Bình.",3.6,"(+84) 90 8989 989","hanzpn@hotel.com","123 Cộng Hòa, Phường 12, Quận Tân Bình, TP.HCM",
6,"Ibis Saigon Airport","Khách sạn quốc tế, nằm ngay sát sân bay, tiện lợi cho việc di chuyển.",4.5,"(+84) 28 3848 9999","h9069@accor.com","2 Hồng Hà, Phường 2, Quận Tân Bình, TP.HCM",
7,"Mường Thanh Grand Saigon Centre","Khách sạn lớn, dịch vụ 4 sao, nằm trên trục đường chính, gần sân bay.",4.1,"(+84) 28 3848 8888","rsvn@muongthanh.com","8-10-12-14 Lý Tự Trọng, Bến Nghé, Quận 1, TP.HCM (Gần PN)",
7,"Eastin Grand Hotel Saigon","Khách sạn 5 sao, gần sân bay, có hồ bơi và trung tâm hội nghị.",4.4,"(+84) 28 3844 9292","info@eastingrandsaigon.com","253 Nguyễn Văn Trỗi, Phường 10, Quận Phú Nhuận, TP.HCM",
7,"Vissai Saigon Hotel","Khách sạn tiêu chuẩn quốc tế, có dịch vụ đưa đón sân bay, phòng ốc tiện nghi.",4.0,"(+84) 28 3845 8888","res@vissaisaigonhotel.com","144 Nguyễn Văn Trỗi, Phường 8, Quận Phú Nhuận, TP.HCM",
7,"The Bloom Pham Van Hai","Khách sạn boutique, phong cách tối giản, yên tĩnh, gần khu ẩm thực.",3.7,"(+84) 90 6789 000","bloomhotel@email.vn","35 Phạm Văn Hai, Phường 1, Quận Tân Bình, TP.HCM (Gần PN)",
7,"Golden Crown Hotel","Khách sạn bình dân, sạch sẽ, phù hợp với khách công tác, gần công viên.",3.5,"(+84) 28 3842 4444","goldencrown@hotel.vn","121 Phan Đăng Lưu, Phường 2, Quận Phú Nhuận, TP.HCM",
8,"Ky Hoa Hotel Saigon","Khu phức hợp nghỉ dưỡng, có sân tennis, hồ bơi, giá cả phải chăng.",3.8,"(+84) 28 3835 6688","sales@kyhoasaigon.com","140 Sư Vạn Hạnh, Phường 9, Quận 5, TP.HCM (Gần Q10)",
8,"Viễn Đông Hotel (Quận 10)","Khách sạn truyền thống, dịch vụ cơ bản, gần các bệnh viện lớn.",3.5,"(+84) 28 3865 9999","viendong10@hotel.vn","242 Lý Thường Kiệt, Phường 14, Quận 10, TP.HCM",
8,"Sen Viet Hotel","Khách sạn 3 sao mới, nằm gần trung tâm thương mại, phòng ốc hiện đại.",4.0,"(+84) 28 3863 5555","info@senviet.com","33 Cao Thắng, Phường 2, Quận 3, TP.HCM (Gần Q10)",
8,"Aiden Saigon Hotel","Khách sạn boutique, thiết kế ấm cúng, gần chợ, thuận tiện đi lại.",4.2,"(+84) 90 2345 678","aiden.rsvn@gmail.com","281/25 Lý Thái Tổ, Phường 9, Quận 10, TP.HCM",
8,"Lotus Hotel (Quận 10)","Khách sạn mini, tiện nghi đầy đủ, khu vực ẩm thực phong phú.",3.6,"(+84) 28 3927 0000","lotushotel10@yahoo.com","345 Nguyễn Tri Phương, Phường 5, Quận 10, TP.HCM",
9,"Mường Thanh Luxury Gò Vấp","Khách sạn 4 sao, dịch vụ tốt, view thành phố, thích hợp cho gia đình.",4.0,"(+84) 28 3984 8888","rsvn.govap@muongthanh.com","123 Nguyễn Oanh, Phường 17, Quận Gò Vấp, TP.HCM",
9,"Resort Hoang Phuc","Khu nghỉ dưỡng mini trong thành phố, không gian xanh, yên tĩnh.",3.7,"(+84) 28 3894 1111","hoangphucresort@hotel.vn","199/20 Lê Đức Thọ, Phường 15, Quận Gò Vấp, TP.HCM",
9,"Ngoc Lan Hotel (Gò Vấp)","Khách sạn tiêu chuẩn, phòng sạch sẽ, giá bình dân.",3.4,"(+84) 28 3989 3333","ngoclan@hotel.com","10 Phan Văn Trị, Phường 7, Quận Gò Vấp, TP.HCM",
9,"The Art - Gò Vấp","Căn hộ dịch vụ, thiết kế nghệ thuật, gần Vincom Plaza Gò Vấp.",3.9,"(+84) 90 3333 444","thearthotel@email.com","55 Quang Trung, Phường 10, Quận Gò Vấp, TP.HCM",
9,"Minh Tâm Hotel","Khách sạn nhỏ, phục vụ khách công tác, gần sân bay.",3.6,"(+84) 28 3987 6666","minhtamgv@hotel.vn","165 Nguyễn Kiệm, Phường 3, Quận Gò Vấp, TP.HCM",
10,"Hana Riverside Resort","Khu nghỉ dưỡng yên tĩnh, nằm ven sông, không gian xanh mát.",3.9,"(+84) 90 8765 432","hanaresort@email.com","214/19 Nguyễn Xiển, Long Thạnh Mỹ, Thành phố Thủ Đức, TP.HCM",
10,"Vinpearl Grand Park (Thủ Đức)","Khách sạn trong khu đô thị lớn, tiện nghi hiện đại, gần công viên.",4.2,"(+84) 28 3636 9999","grandpark@vinpearl.com","Khu đô thị Vinhomes Grand Park, Long Bình, Thành phố Thủ Đức, TP.HCM",
10,"Capsule Hotel (Thủ Đức)","Khách sạn con nhộng độc đáo, giá rẻ, phù hợp khách du lịch ba lô.",3.5,"(+84) 91 2345 678","capsuletd@hotel.vn","15 Kha Vạn Cân, Linh Chiểu, Thành phố Thủ Đức, TP.HCM",
10,"Campus Ký Túc Xá","Khu vực lưu trú bình dân, tiện nghi cơ bản, gần các trường đại học.",3.2,"(+84) 28 3724 4444","campuskt@dorm.vn","Khu phố 6, Linh Trung, Thành phố Thủ Đức, TP.HCM",
10,"Khách sạn Hoàng Yến (Thủ Đức)","Khách sạn mini, phòng sạch sẽ, phục vụ khách công tác.",3.6,"(+84) 28 3720 1111","hoangyentd@hotel.vn","90 Hoàng Diệu 2, Linh Trung, Thành phố Thủ Đức, TP.HCM",
11,"Khách sạn Làng Sen Việt Nam","Khu nghỉ dưỡng sinh thái, yên bình, xa trung tâm thành phố.",3.8,"(+84) 28 3765 8888","langsen@resort.vn","123 Tỉnh Lộ 10, Phạm Văn Hai, Huyện Bình Chánh, TP.HCM",
11,"Thanh Long Resort","Resort nhỏ, có hồ bơi, thích hợp cho cuối tuần, dịch vụ cơ bản.",3.5,"(+84) 90 9999 000","thanhlongbc@resort.com","145A Đường Vườn Thơm, Bình Lợi, Huyện Bình Chánh, TP.HCM",
11,"Hồng Hạc Hotel (Bình Chánh)","Khách sạn bình dân, nằm gần khu công nghiệp, phục vụ công nhân viên.",3.0,"(+84) 28 3750 2222","honghacbc@hotel.vn","Quốc Lộ 50, Bình Hưng, Huyện Bình Chánh, TP.HCM",
11,"Bình Chánh Farmstay","Homestay/Farmstay, không gian nông thôn, trải nghiệm địa phương.",4.0,"(+84) 91 8888 999","farmstaybc@booking.com","199 Hưng Long, Huyện Bình Chánh, TP.HCM",
11,"Quốc Cường Hotel","Khách sạn nhỏ, cơ bản, gần các tuyến đường lớn.",3.3,"(+84) 28 3755 1234","quoccuongbc@hotel.vn","Ngã tư Nguyễn Hữu Trí, Tân Túc, Huyện Bình Chánh, TP.HCM",
12,"Hòa Bình Hotel (Quận 6)","Khách sạn cũ, vị trí trung tâm Quận 6, gần chợ.",3.5,"(+84) 28 3855 0000","hoabinhq6@hotel.com","132 Hậu Giang, Phường 6, Quận 6, TP.HCM",
12,"Palace Hotel (Quận 6)","Khách sạn tiêu chuẩn 3 sao, dịch vụ tốt, gần Metro Bình Phú.",3.8,"(+84) 28 3877 7777","palaceq6@hotel.vn","25 Nguyễn Văn Luông, Phường 10, Quận 6, TP.HCM",
12,"Khách sạn Bách Tùng","Khách sạn gia đình, sạch sẽ, giá phải chăng, gần chợ Lớn.",3.3,"(+84) 28 3857 0000","bachtungq6@email.com","199 Minh Phụng, Phường 9, Quận 6, TP.HCM",
12,"An Bình Hotel (Quận 6)","Khách sạn nhỏ, cơ bản, phục vụ khách du lịch và công tác.",3.0,"(+84) 28 3856 1234","anbinhhotelq6@gmail.com","36 Cao Văn Lầu, Phường 1, Quận 6, TP.HCM",
12,"Hong Kong Hotel (Quận 6)","Khách sạn lâu đời, nằm trong khu vực người Hoa, tiện nghi cơ bản.",3.6,"(+84) 28 3854 5555","hongkongq6@hotel.vn","100 Bà Hom, Phường 13, Quận 6, TP.HCM",
13,"The Riverside Hotel Saigon","Khách sạn tiêu chuẩn 4 sao, view sông tuyệt đẹp, gần trung tâm Quận 1.",4.0,"(+84) 28 3826 6666","rsvn@theriversidehotel.com.vn","18-19-20-21 Tôn Thất Thuyết, Phường 18, Quận 4, TP.HCM",
13,"Au Lac Charner Hotel 2","Khách sạn boutique, phong cách Art Deco, nằm gần khu chợ ẩm thực.",4.2,"(+84) 28 3822 0000","info@aulaccharner2.com","25-27 Bến Vân Đồn, Phường 12, Quận 4, TP.HCM",
13,"Khách sạn Khánh An","Khách sạn bình dân, sạch sẽ, giá hợp lý, thuận tiện qua cầu Khánh Hội.",3.6,"(+84) 28 3826 3333","khanhanq4@hotel.vn","80 Vĩnh Khánh, Phường 10, Quận 4, TP.HCM",
13,"RedDoorz near Ben Van Don","Khách sạn mini giá rẻ, tiện nghi cơ bản, gần các khu chung cư lớn.",3.4,"(+84) 90 1111 222","support@reddoorz.com","123/45 Đoàn Văn Bơ, Phường 1, Quận 4, TP.HCM",
13,"Saigon Royal Residence","Căn hộ dịch vụ cao cấp, đầy đủ tiện ích, an ninh tốt.",4.3,"(+84) 91 2345 678","saigonroyal@apartment.com","34-35 Bến Vân Đồn, Phường 12, Quận 4, TP.HCM",
14,"Hùng Vương Hotel (Quận 8)","Khách sạn lớn, dịch vụ tốt, gần cầu Chữ Y và khu vực Chợ Lớn.",3.8,"(+84) 28 3850 5555","hungvuongq8@hotel.vn","500 Hưng Phú, Phường 9, Quận 8, TP.HCM",
14,"Khách sạn Dân Chủ","Khách sạn bình dân, tiện nghi cơ bản, gần bến xe Quận 8.",3.2,"(+84) 28 3951 1111","danchu@hotel.vn","123 Phạm Hùng, Phường 4, Quận 8, TP.HCM",
14,"Dragon Hill Residence and Suites","Căn hộ dịch vụ, không gian yên tĩnh, có hồ bơi chung.",4.0,"(+84) 90 2888 777","dragonhill@suites.com","15A Nguyễn Hữu Thọ, Phước Kiển, Huyện Nhà Bè, TP.HCM (Gần Q8)",
14,"Tân Phát Hotel","Khách sạn nhỏ, sạch sẽ, giá cả phải chăng, gần khu vực chợ Bình Điền.",3.5,"(+84) 28 3859 4444","tanphatq8@hotel.com","200 Dương Bá Trạc, Phường 2, Quận 8, TP.HCM",
14,"Thành Đạt Hotel","Khách sạn tiêu chuẩn 3 sao, dịch vụ tốt, khu vực an ninh.",3.7,"(+84) 28 3850 9999","thanhdatq8@hotel.vn","99 Tạ Quang Bửu, Phường 5, Quận 8, TP.HCM",
15,"Les Hameaux de l'Orient (Củ Chi)","Khu nghỉ dưỡng sinh thái, bungalow ven hồ, thích hợp nghỉ dưỡng cuối tuần.",4.1,"(+84) 28 3929 1234","res@leshameaux.com","Tỉnh Lộ 8, Ấp 5, Xã Phước Vĩnh An, Huyện Củ Chi, TP.HCM",
15,"Bến Dược Tourist Resort","Khu du lịch, có dịch vụ lưu trú cơ bản, gần Địa đạo Củ Chi.",3.7,"(+84) 28 3794 8888","benduoc@tourist.vn","Ấp Phú Hiệp, Xã Phú Mỹ Hưng, Huyện Củ Chi, TP.HCM",
15,"Thảo Điền Village Resort (Củ Chi)","Resort nhỏ, yên tĩnh, không gian đồng quê, dịch vụ ăn uống.",3.5,"(+84) 90 3456 123","thaodiencc@resort.com","Tỉnh Lộ 15, Xã Nhuận Đức, Huyện Củ Chi, TP.HCM",
15,"Nhà nghỉ Minh Tâm (Củ Chi)","Nhà nghỉ bình dân, tiện nghi tối thiểu, phục vụ khách đi phượt.",3.1,"(+84) 28 3790 5555","minhtamcc@motel.vn","Quốc Lộ 22, Xã Tân Phú Trung, Huyện Củ Chi, TP.HCM",
15,"Khách sạn Bưu Điện Củ Chi","Khách sạn tiêu chuẩn, nằm gần trung tâm hành chính huyện.",3.3,"(+84) 28 3792 0000","buudiencc@hotel.vn","Tỉnh Lộ 8, Thị trấn Củ Chi, Huyện Củ Chi, TP.HCM",
16,"Hilton Hanoi Opera","Khách sạn 5 sao sang trọng, thiết kế cổ điển, đối diện Nhà hát Lớn Hà Nội.",4.5,"(+84) 24 3933 0000","hanoi.info@hilton.com","1 Lê Thánh Tông, Phan Chu Trinh, Hoàn Kiếm, Hà Nội",
16,"Hotel de l'Opera Hanoi - MGallery","Khách sạn boutique, phong cách Pháp lãng mạn, gần Hồ Hoàn Kiếm.",4.3,"(+84) 24 6282 5555","h7495@accor.com","29 Tràng Tiền, Hoàn Kiếm, Hà Nội",
16,"The Oriental Jade Hotel","Khách sạn 4 sao, kiến trúc hiện đại kết hợp truyền thống, dịch vụ spa cao cấp.",4.1,"(+84) 24 3939 5555","sales@orientaljadehotel.com","94 Hàng Trống, Hàng Trống, Hoàn Kiếm, Hà Nội",
16,"Somerset Grand Hanoi","Căn hộ dịch vụ cao cấp, đầy đủ tiện nghi, phù hợp cho gia đình.",4.4,"(+84) 24 3938 1000","enquiry.hanoi@somerset.com","49 Hai Bà Trưng, Trần Hưng Đạo, Hoàn Kiếm, Hà Nội",
16,"Acoustic Hotel & Spa","Khách sạn boutique, thiết kế tối giản, yên tĩnh, gần trung tâm.",4.0,"(+84) 24 3828 0000","acoustic.rsvn@gmail.com","39-41 Hàng Hành, Hàng Trống, Hoàn Kiếm, Hà Nội",
17,"La Siesta Premium Hang Be","Khách sạn boutique nổi tiếng, dịch vụ cá nhân hóa, khu vực Phố Cổ.",4.7,"(+84) 24 3929 0011","rsvn.hangbe@lasiestahotels.vn","27 Hàng Bè, Hàng Bạc, Hoàn Kiếm, Hà Nội (Phố Cổ)",
17,"Hanoi Moment Hotel","Khách sạn nhỏ, giá cả phải chăng, nằm sâu trong Phố Cổ, gần chợ đêm.",3.8,"(+84) 24 3926 0000","momenthotel@hanoi.vn","50 Hàng Bông, Hàng Gai, Hoàn Kiếm, Hà Nội (Phố Cổ)",
17,"The Chi Boutique Hotel","Thiết kế độc đáo, lấy cảm hứng từ văn hóa Việt, ngay Phố Cổ.",4.2,"(+84) 24 3938 5555","info@thechihotel.com","13-15 Nhà Chung, Hàng Trống, Hoàn Kiếm, Hà Nội (Phố Cổ)",
17,"Hanoi Delight Hotel","Khách sạn bình dân, sạch sẽ, cung cấp tour du lịch Phố Cổ.",3.6,"(+84) 24 3927 1111","delight.booking@hotel.com","70 Hàng Tre, Lý Thái Tổ, Hoàn Kiếm, Hà Nội (Phố Cổ)",
17,"Oriental Suites Hotel & Spa","Khách sạn 4 sao, dịch vụ tận tâm, vị trí thuận tiện để khám phá Phố Cổ.",4.3,"(+84) 24 3929 0088","rsvn@orientalsuiteshotel.com","58 Hàng Đào, Hàng Đào, Hoàn Kiếm, Hà Nội (Phố Cổ)",
18,"InterContinental Hanoi Westlake","Khách sạn 5 sao, xây trên mặt hồ, không gian yên tĩnh, lãng mạn.",4.6,"(+84) 24 6270 8888","hanoi@ihg.com","5 Từ Hoa, Quảng An, Tây Hồ, Hà Nội",
18,"A25 Hotel - Tây Hồ","Khách sạn tiện nghi, giá tầm trung, gần các quán cà phê ven hồ.",3.9,"(+84) 24 3719 5555","a25tayho@a25.vn","12 Đặng Thai Mai, Quảng An, Tây Hồ, Hà Nội",
18,"Elegant Suites Westlake","Căn hộ dịch vụ cao cấp, view hồ Tây, có hồ bơi và khu vui chơi trẻ em.",4.4,"(+84) 24 3718 5555","westlake@elegantsuites.com","108 Xuân Diệu, Tứ Liên, Tây Hồ, Hà Nội",
18,"Flower Garden Hotel","Khách sạn 4 sao, nằm ở cửa ngõ Tây Hồ, dịch vụ hội nghị tốt.",3.7,"(+84) 24 3728 3333","info@flowergardenhotel.com.vn","46 Đường Thanh Niên, Yên Phụ, Tây Hồ, Hà Nội",
18,"Lakeside Hotel Hanoi","Khách sạn 3 sao, view một phần hồ Tây, phòng ốc sạch sẽ.",3.5,"(+84) 24 3823 4567","lakeside@hotel.vn","21 Phố Bùi Thị Xuân, Phường Bùi Thị Xuân, Hai Bà Trưng, Hà Nội (Gần Tây Hồ)",
19,"Pan Pacific Hanoi","Khách sạn 5 sao, view hồ Tây và hồ Trúc Bạch, dịch vụ cao cấp.",4.4,"(+84) 24 3823 8888","hanoi@panpacific.com","1 Thanh Niên, Ba Đình, Hà Nội",
19,"Hanoi Daewoo Hotel","Khách sạn quốc tế lâu đời, có hồ bơi ngoài trời lớn, gần công viên Thủ Lệ.",4.2,"(+84) 24 3831 5000","rsvn@daewoohotel.com","360 Kim Mã, Ngọc Khánh, Ba Đình, Hà Nội",
19,"Lotte Hotel Hanoi","Khách sạn nằm trong tòa nhà Lotte Center, tầm nhìn toàn cảnh thành phố.",4.6,"(+84) 24 3333 1000","rsvn.hanoi@lotte.net","54 Liễu Giai, Cống Vị, Ba Đình, Hà Nội",
19,"Army Hotel","Khách sạn 3 sao, vị trí trung tâm, giá cả hợp lý, có khuôn viên rộng.",3.9,"(+84) 24 3747 4888","sales@armyhotel.com.vn","33C Phạm Ngũ Lão, Ba Đình, Hà Nội",
19,"La Belle Vie Hotel","Khách sạn boutique nhỏ, gần Lăng Chủ tịch, dịch vụ thân thiện.",3.8,"(+84) 24 3927 5555","booking@labelleviehotel.com","12 Hàng Than, Nguyễn Trung Trực, Ba Đình, Hà Nội",
20,"Melia Hanoi","Khách sạn 5 sao, kiến trúc sang trọng, gần các cơ quan chính phủ.",4.3,"(+84) 24 3934 9999","melia.hanoi@melia.com","44B Lý Thường Kiệt, Trần Hưng Đạo, Hoàn Kiếm, Hà Nội (Gần HBT)",
20,"Silk Path Hotel Hanoi","Khách sạn hiện đại, thiết kế tinh tế, gần hồ Thiền Quang.",4.1,"(+84) 24 3943 9988","info@silkpathhotel.com","195 Hàng Bông, Hàng Bông, Hoàn Kiếm, Hà Nội (Gần HBT)",
20,"Nikko Hotel Hanoi","Khách sạn quốc tế, yên tĩnh, dịch vụ Nhật Bản tiêu chuẩn.",4.5,"(+84) 24 3822 3535","rsvn@hotelnikkohanoi.com.vn","84 Trần Nhân Tông, Nguyễn Du, Hai Bà Trưng, Hà Nội",
20,"Church Legend Hotel","Khách sạn boutique, phong cách Châu Âu, gần khu chợ Đồng Xuân.",3.7,"(+84) 24 3939 2222","res@churchlegendhotel.com","45 Cửa Đông, Hàng Bồ, Hoàn Kiếm, Hà Nội (Gần HBT)",
20,"Thắng Lợi Hotel","Khách sạn phổ thông, nằm ở vị trí thuận tiện, gần các trung tâm thương mại.",3.5,"(+84) 24 3823 8888","thangloihotel@vietsov.com.vn","19-21 Bùi Thị Xuân, Bùi Thị Xuân, Hai Bà Trưng, Hà Nội",
21,"A25 Hotel - Đống Đa","Khách sạn tiện nghi, giá hợp lý, gần khu vực hồ và các bệnh viện lớn.",3.6,"(+84) 24 3773 0000","a25dongda@a25.vn","6A Phố Đông Các, Ô Chợ Dừa, Đống Đa, Hà Nội",
21,"Khách sạn Fortuna Hanoi","Khách sạn 4 sao, có casino và trung tâm giải trí, dịch vụ tốt.",4.0,"(+84) 24 3831 3303","rsvn@fortuna.vn","6B Láng Hạ, Thành Công, Ba Đình, Hà Nội (Gần Đống Đa)",
21,"Hanoi Posh Boutique Hotel","Khách sạn boutique nhỏ, thiết kế sang trọng, nằm trong khu phố yên tĩnh.",4.1,"(+84) 24 3823 4567","posh@hotel.vn","92 Quán Sứ, Trần Hưng Đạo, Hoàn Kiếm, Hà Nội (Gần Đống Đa)",
21,"Boss Legend Hotel","Khách sạn tiêu chuẩn 3 sao, phòng ốc sạch sẽ, gần ga Hà Nội.",3.7,"(+84) 24 3824 1111","res@bosslegendhotel.com","102 Lê Duẩn, Cửa Nam, Hoàn Kiếm, Hà Nội (Gần Đống Đa)",
21,"Van Mieu Club Hotel","Khách sạn nhỏ, gần Văn Miếu Quốc Tử Giám, thích hợp cho khách du lịch văn hóa.",3.4,"(+84) 24 3747 6666","vanmieuclub@hotel.vn","55 Quốc Tử Giám, Văn Miếu, Đống Đa, Hà Nội",
22,"Crowne Plaza West Hanoi","Khách sạn 5 sao, nằm trong khu vực kinh doanh mới, tiện nghi hiện đại.",4.4,"(+84) 24 6270 6688","cphanoi@ihg.com","36 Lê Đức Thọ, Mỹ Đình 2, Nam Từ Liêm, Hà Nội (Gần CG)",
22,"The Landmark Hanoi","Khách sạn 4 sao, nằm trong tổ hợp thương mại, gần các văn phòng công ty.",4.1,"(+84) 24 3788 1122","info@thelandmarkhanoi.com","430 Cầu Giấy, Dịch Vọng, Cầu Giấy, Hà Nội",
22,"A25 Hotel - Cầu Giấy","Khách sạn tiện nghi, giá hợp lý, gần bến xe và các trường đại học.",3.7,"(+84) 24 3776 6666","a25caugiay@a25.vn","17 Phố Dịch Vọng Hậu, Dịch Vọng, Cầu Giấy, Hà Nội",
22,"Grand Plaza Hotel Hanoi","Khách sạn 5 sao, kiến trúc ấn tượng, có trung tâm thương mại đi kèm.",4.0,"(+84) 24 3785 8888","rsvn@grandplazahanoi.com","117 Trần Duy Hưng, Trung Hòa, Cầu Giấy, Hà Nội",
22,"Hanoi Paragon Hotel","Khách sạn boutique, phong cách hiện đại, nằm ở vị trí yên tĩnh.",3.9,"(+84) 24 3822 0000","paragon@hotel.vn","29 Ngõ 192 Thái Thịnh, Láng Hạ, Đống Đa, Hà Nội (Gần CG)",
23,"Vinhomes Riverside Harmony Hotel","Căn hộ/biệt thự dịch vụ, không gian xanh, yên tĩnh, xa trung tâm.",4.2,"(+84) 24 3636 1818","rsvn@vinhomesresort.com","Khu đô thị Vinhomes Riverside, Phúc Lợi, Long Biên, Hà Nội",
23,"Hanoi Golden Dragon Hotel","Khách sạn 3 sao, giá cả phải chăng, gần trung tâm thương mại Aeon Mall.",3.5,"(+84) 24 3875 1111","goldendragon@hotel.vn","113 Nguyễn Văn Cừ, Bồ Đề, Long Biên, Hà Nội",
23,"Hotel Starlet","Khách sạn nhỏ, tiện nghi cơ bản, gần khu vực cầu Chương Dương.",3.3,"(+84) 24 3872 5555","starlet@hotel.com","208 Nguyễn Sơn, Ngọc Lâm, Long Biên, Hà Nội",
23,"Long Bien Riverside Home","Homestay/Nhà nghỉ ven sông, không gian thoáng đãng, phục vụ khách du lịch.",3.8,"(+84) 90 4444 333","riversidehome@booking.com","199/2 Ái Mộ, Bồ Đề, Long Biên, Hà Nội",
23,"Hà Nội Hotel (Long Biên)","Khách sạn bình dân, phù hợp khách công tác tại khu vực phía Đông Hà Nội.",3.6,"(+84) 24 3878 0000","hanoilb@hotel.vn","135 Ngô Gia Tự, Đức Giang, Long Biên, Hà Nội",
24,"Mường Thanh Grand Xa La (Hoàng Mai)","Khách sạn lớn, dịch vụ 4 sao, nằm trong khu đô thị mới.",3.9,"(+84) 24 3355 5588","rsvn.xala@muongthanh.com","123 Nguyễn Xiển, Hạ Đình, Thanh Xuân, Hà Nội (Gần HM)",
24,"Khách sạn Linh Đàm","Khách sạn tiêu chuẩn, nằm trong khu vực Hồ Linh Đàm, yên tĩnh.",3.6,"(+84) 24 3641 5555","linhdam@hotel.vn","Bán đảo Linh Đàm, Hoàng Mai, Hà Nội",
24,"Lotus Legend Hotel","Khách sạn mới, thiết kế hiện đại, gần các khu đô thị lớn.",4.0,"(+84) 24 3866 2222","lotuslegend@hotel.com","99 Giải Phóng, Đồng Tâm, Hai Bà Trưng, Hà Nội (Gần HM)",
24,"Vọng Xưa Hotel","Khách sạn boutique, phong cách hoài cổ, gần ga Giáp Bát.",3.5,"(+84) 24 3864 7777","vongxua@hotel.vn","212 Giải Phóng, Phương Liệt, Thanh Xuân, Hà Nội (Gần HM)",
24,"Khách sạn Ngọc Hân","Khách sạn bình dân, sạch sẽ, giá rẻ, nằm gần bến xe Nước Ngầm.",3.2,"(+84) 24 3641 9999","ngochanhm@hotel.vn","18 Kim Đồng, Giáp Bát, Hoàng Mai, Hà Nội",
25,"Flamingo Đại Lải Resort (Sóc Sơn)","Khu nghỉ dưỡng cao cấp, không gian hồ nước và rừng thông, xa trung tâm.",4.6,"(+84) 211 626 6266","info@flamingodailai.com","Thôn Ngọc Quang, Xã Ngọc Thanh, Huyện Phúc Yên, Vĩnh Phúc (Gần Sóc Sơn)",
25,"Hanoi Airport Hostel","Hostel/Nhà nghỉ gần sân bay Nội Bài, phù hợp cho khách quá cảnh.",3.4,"(+84) 91 382 6666","hanoiairporthostel@gmail.com","Thôn Phú Cường, Mai Đình, Sóc Sơn, Hà Nội",
25,"Sóc Sơn Retreat","Homestay, bungalow nhỏ, gần núi và rừng, thích hợp cắm trại.",3.9,"(+84) 98 765 4321","socsonretreat@booking.com","Xã Minh Phú, Huyện Sóc Sơn, Hà Nội",
25,"Khách sạn Nội Bài (Sóc Sơn)","Khách sạn tiêu chuẩn, phục vụ khách đi/đến sân bay.",3.2,"(+84) 24 3886 5555","noibaihotel@hotel.vn","Quốc lộ 2, Thị trấn Sóc Sơn, Hà Nội",
25,"Đồng Quan Lake Homestay","Nhà nghỉ view hồ, không gian yên tĩnh, dịch vụ cơ bản.",3.5,"(+84) 90 234 5678","dongquanhomestay@email.com","Xã Quang Tiến, Huyện Sóc Sơn, Hà Nội",
26,"Royal Hotel (Thanh Xuân)","Khách sạn 3 sao, nằm trên đường Nguyễn Trãi, thuận tiện di chuyển.",3.8,"(+84) 24 3557 8888","royalhotel.tx@hotel.vn","15 Nguyễn Trãi, Thượng Đình, Thanh Xuân, Hà Nội",
26,"A25 Hotel - Thanh Xuân","Khách sạn tiện nghi, giá hợp lý, gần khu đô thị Royal City.",3.7,"(+84) 24 3858 9999","a25thanhxuan@a25.vn","20 Vũ Trọng Phụng, Thanh Xuân Trung, Thanh Xuân, Hà Nội",
26,"Mường Thanh Grand Xa La (Thanh Xuân)","Khách sạn 4 sao, nằm trong khu đô thị mới, phòng ốc rộng rãi.",4.1,"(+84) 24 3355 5588","rsvn.xala@muongthanh.com","123 Nguyễn Xiển, Hạ Đình, Thanh Xuân, Hà Nội",
26,"Sao Mai Hotel","Khách sạn nhỏ, sạch sẽ, gần đường vành đai 3.",3.4,"(+84) 24 3558 1111","saomaihotel@email.com","150 Khuất Duy Tiến, Nhân Chính, Thanh Xuân, Hà Nội",
26,"Hanoi Unique Hotel","Khách sạn boutique, thiết kế hiện đại, gần các trung tâm thương mại.",3.9,"(+84) 24 3823 4567","unique@hotel.vn","35 Lê Văn Lương, Nhân Chính, Thanh Xuân, Hà Nội",
27,"JW Marriott Hotel Hanoi","Khách sạn 5 sao cao cấp, kiến trúc độc đáo, dịch vụ hội nghị hàng đầu.",4.7,"(+84) 24 3838 5555","hanoi@marriott.com","Số 8 Đỗ Đức Dục, Mễ Trì, Nam Từ Liêm, Hà Nội",
27,"Hyatt Regency West Hanoi","Khách sạn 5 sao, gần Sân vận động Quốc gia Mỹ Đình, khu vực thể thao.",4.5,"(+84) 24 3744 5555","hanoi.regency@hyatt.com","379 Phạm Hùng, Mễ Trì, Nam Từ Liêm, Hà Nội",
27,"The Garden Residence (Từ Liêm)","Căn hộ dịch vụ, đầy đủ tiện nghi, phù hợp cho lưu trú dài ngày.",4.0,"(+84) 90 5678 901","gardenresidence@apartment.com","Phố Hàm Nghi, Mỹ Đình 2, Nam Từ Liêm, Hà Nội",
27,"Khách sạn Duy Tân","Khách sạn 3 sao, giá tầm trung, gần các khu văn phòng.",3.5,"(+84) 24 3764 8888","duytan@hotel.vn","145 Hồ Tùng Mậu, Mai Dịch, Cầu Giấy, Hà Nội (Gần Từ Liêm)",
27,"Hanoi Cà Phê Hotel","Khách sạn mini, phong cách cà phê độc đáo, gần Đại học Quốc gia.",3.6,"(+84) 90 1234 567","caphehotel@hanoi.vn","32 Xuân Thủy, Dịch Vọng Hậu, Cầu Giấy, Hà Nội (Gần Từ Liêm)",
28,"Four Points by Sheraton Danang","Khách sạn 5 sao, view biển Mỹ Khê tuyệt đẹp, hồ bơi vô cực.",4.5,"(+84) 236 399 2888","rsvn.danang@fourpoints.com","120 Võ Nguyên Giáp, Phước Mỹ, Sơn Trà, Đà Nẵng",
28,"A La Carte Da Nang Beach Hotel","Khách sạn căn hộ, có hồ bơi vô cực trên tầng thượng, gần biển.",4.2,"(+84) 236 395 9555","info@alacarte.vn","200 Võ Nguyên Giáp, Phước Mỹ, Sơn Trà, Đà Nẵng",
28,"Sea Phoenix Hotel Danang","Khách sạn 3 sao, giá cả hợp lý, gần bãi biển và các nhà hàng hải sản.",3.8,"(+84) 236 394 6888","seaphoenix@hotel.vn","169 Nguyễn Văn Thoại, Phước Mỹ, Sơn Trà, Đà Nẵng",
28,"Balcona Hotel Da Nang","Khách sạn 4 sao mới, thiết kế hiện đại, view hướng biển.",4.1,"(+84) 236 3888 555","booking@balconahotel.com","Lô 28-29 Võ Nguyên Giáp, Phước Mỹ, Sơn Trà, Đà Nẵng",
28,"Mandila Beach Hotel and Spa","Khách sạn 4 sao, hồ bơi trên cao, dịch vụ spa, gần biển.",4.3,"(+84) 236 394 1111","rsvn@mandilabeach.com","218 Võ Nguyên Giáp, Phước Mỹ, Sơn Trà, Đà Nẵng",
29,"Hyatt Regency Danang Resort and Spa","Khu nghỉ dưỡng 5 sao, bãi biển riêng, biệt thự và căn hộ sang trọng.",4.7,"(+84) 236 398 1234","danang.regency@hyatt.com","5 Trường Sa, Hoà Hải, Ngũ Hành Sơn, Đà Nẵng",
29,"The Ocean Villas Da Nang","Khu biệt thự nghỉ dưỡng, có hồ bơi riêng, không gian yên tĩnh.",4.4,"(+84) 236 392 8888","info@oceanvillasdn.com","Đường Trường Sa, Hoà Hải, Ngũ Hành Sơn, Đà Nẵng",
29,"Sandy Beach Non Nuoc Resort","Khu nghỉ dưỡng sát biển, nhiều cây xanh, kiến trúc độc đáo.",3.9,"(+84) 236 396 6888","rsvn@sandybeach.com","255 Trường Sa, Hoà Hải, Ngũ Hành Sơn, Đà Nẵng",
29,"Danang Marriott Resort & Spa, Non Nuoc Beach Villas","Khu resort và biệt thự cao cấp, nằm dọc bãi biển Non Nước.",4.6,"(+84) 236 3968 888","res.danang@marriott.com","21 Trường Sa, Hoà Hải, Ngũ Hành Sơn, Đà Nẵng",
29,"Fusion Resort & Villas Đà Nẵng","Resort cao cấp, thiết kế hiện đại, đầy đủ tiện nghi, view biển.",4.5,"(+84) 236 3911 666","rsvn.frdn@fusionhotelgroup.com","Trường Sa, Hoà Hải, Ngũ Hành Sơn, Đà Nẵng",
30,"Novotel Danang Premier Han River","Khách sạn 4 sao, nằm sát sông Hàn, view cầu Rồng, có hồ bơi vô cực.",4.3,"(+84) 236 392 9999","h8287@accor.com","36 Bạch Đằng, Thuận Phước, Hải Châu, Đà Nẵng",
30,"Khách sạn Duy Tân (Đà Nẵng)","Khách sạn truyền thống, vị trí trung tâm, gần chợ Hàn và các khu mua sắm.",3.7,"(+84) 236 382 1224","info@duytanhotel.com","112 Phan Châu Trinh, Phước Ninh, Hải Châu, Đà Nẵng",
30,"Sanouva Danang Hotel","Khách sạn 4 sao, thiết kế hiện đại, nằm gần Bảo tàng Chăm.",4.0,"(+84) 236 381 9000","rsvn@sanouvahoteldanang.com","68 Phan Châu Trinh, Phước Ninh, Hải Châu, Đà Nẵng",
30,"One Opera Danang Hotel","Khách sạn 5 sao, trung tâm thành phố, dịch vụ hội nghị tốt.",4.1,"(+84) 236 3552 999","info@oneoperahotel.com.vn","115 Nguyễn Văn Linh, Nam Dương, Hải Châu, Đà Nẵng",
30,"Memory Hostel","Hostel/Nhà nghỉ độc đáo, view sông, thiết kế gạch trần vintage.",4.1,"(+84) 93 456 7890","memoryhostel@email.com","94 Bạch Đằng, Hải Châu 1, Hải Châu, Đà Nẵng",
31,"Risemount Premier Resort Da Nang","Khu nghỉ dưỡng phong cách Santorini, view sông và biển, có hồ bơi lớn.",4.5,"(+84) 236 3899 999","info@risemountresort.com","120 Nguyễn Văn Thoại, An Hải Đông, Sơn Trà, Đà Nẵng (Gần AHB)",
31,"Danang Golden Bay Hotel","Khách sạn 5 sao, nằm gần Cầu Thuận Phước, có hồ bơi dát vàng.",4.3,"(+84) 236 387 8999","rsvn@dananggoldenbay.com","01 Lê Văn Duyệt, Nại Hiên Đông, Sơn Trà, Đà Nẵng (Gần AHB)",
31,"Olalani Resort & Condotel","Khu nghỉ dưỡng sát biển, phong cách Hawaii, phù hợp cho gia đình.",4.4,"(+84) 236 3981 888","rsvn@olalani.com","111 Võ Nguyên Giáp, Mân Thái, Sơn Trà, Đà Nẵng (Gần AHB)",
31,"Khách sạn Royal Lotus Đà Nẵng","Khách sạn 4 sao, tiện nghi đầy đủ, gần biển Mỹ Khê.",4.0,"(+84) 236 3929 555","info@royallotusdanang.com","200 Võ Nguyên Giáp, Phước Mỹ, Sơn Trà, Đà Nẵng (Gần AHB)",
31,"Biển Xanh Hotel (An Hải Bắc)","Khách sạn bình dân, sạch sẽ, giá hợp lý, gần khu dân cư.",3.7,"(+84) 236 3848 123","bienxanhahb@hotel.vn","25 Nguyễn Công Trứ, An Hải Bắc, Sơn Trà, Đà Nẵng",
32,"Paracel Danang Hotel","Khách sạn 4 sao, gần bãi biển, dịch vụ spa và nhà hàng Âu Á.",4.1,"(+84) 236 384 8111","sales@paraceldanang.com","02 Võ Nguyên Giáp, Phước Mỹ, Sơn Trà, Đà Nẵng (Gần XH)",
32,"Khách sạn Xuân Hà","Khách sạn tiêu chuẩn, nằm ở vị trí thuận lợi, giá cả phải chăng.",3.5,"(+84) 236 3644 000","xuanha.rsvn@hotel.vn","15 Trần Cao Vân, Xuân Hà, Thanh Khê, Đà Nẵng",
32,"Khách sạn Tây Bắc (Xuân Hà)","Khách sạn nhỏ, sạch sẽ, phục vụ khách đi công tác.",3.3,"(+84) 236 3747 111","taybacxh@hotel.com","45 Hà Huy Tập, Thanh Khê Đông, Thanh Khê, Đà Nẵng (Gần XH)",
32,"RedDoorz near Da Nang Bay","Khách sạn mini giá rẻ, tiện nghi cơ bản, gần khu vực vịnh.",3.6,"(+84) 90 123 9876","support@reddoorz.com","18 Nguyễn Tất Thành, Xuân Hà, Thanh Khê, Đà Nẵng",
32,"Sao Mai Hotel (Xuân Hà)","Khách sạn bình dân, dịch vụ cơ bản, gần các khu chợ địa phương.",3.4,"(+84) 236 3765 000","saomaixh@hotel.vn","99 Dũng Sĩ Thanh Khê, Xuân Hà, Thanh Khê, Đà Nẵng",
33,"Mercure Danang French Village Bana Hills","Khách sạn độc đáo trên đỉnh Bà Nà, phong cách làng Pháp cổ.",4.6,"(+84) 236 3988 888","h9359@accor.com","Khu du lịch Bà Nà Hills, Hòa Ninh, Hòa Vang, Đà Nẵng",
33,"Khách sạn Bà Nà Hill Palace","Khách sạn sang trọng trên Bà Nà, view núi rừng tuyệt đẹp.",4.3,"(+84) 236 3980 000","banahillpalace@hotel.com","Khu du lịch Bà Nà Hills, Hòa Ninh, Hòa Vang, Đà Nẵng",
33,"Khách sạn Hòa Vang","Khách sạn tiêu chuẩn, nằm ở khu vực trung tâm huyện Hòa Vang, giá rẻ.",3.2,"(+84) 236 3789 123","hoavanghotel@email.com","Quốc Lộ 14B, Hòa Phước, Hòa Vang, Đà Nẵng",
33,"Homestay Cỏ May","Homestay nhỏ, không gian yên tĩnh, gần khu vực sông núi.",3.8,"(+84) 90 543 2109","comayhomestay@booking.com","Thôn Hoà Phước, Xã Hoà Phước, Hòa Vang, Đà Nẵng",
33,"Khách sạn Hoàng Yến (Hoà Vang)","Khách sạn bình dân, sạch sẽ, phục vụ khách vãng lai và công tác.",3.4,"(+84) 236 3790 555","hoangyen hv@hotel.vn","Đường tránh Nam Hải Vân, Hoà Liên, Hoà Vang, Đà Nẵng",
34,"InterContinental Danang Sun Peninsula Resort","Khu nghỉ dưỡng 5 sao sang trọng, thiết kế của Bill Bensley, bãi biển riêng tư.",4.9,"(+84) 236 3938 888","reservations@icdanang.com","Bán đảo Sơn Trà, Thọ Quang, Sơn Trà, Đà Nẵng",
34,"Son Tra Resort & Spa","Khu nghỉ dưỡng yên tĩnh, nằm trên sườn núi Sơn Trà, gần bãi Bụt.",4.2,"(+84) 236 3922 922","info@sontraresort.com","Bãi Bụt, Thọ Quang, Sơn Trà, Đà Nẵng",
34,"Khách sạn DLG Đà Nẵng","Khách sạn 4 sao, view biển và cầu Thuận Phước, dịch vụ tốt.",4.1,"(+84) 236 3847 999","dlghotel@hotel.vn","212 Võ Nguyên Giáp, Phước Mỹ, Sơn Trà, Đà Nẵng (Gần TQ)",
34,"Khách sạn Green Plaza","Khách sạn 4 sao, nằm sát sông Hàn, tiện nghi đầy đủ.",3.8,"(+84) 236 3223 388","rsvn@greenplazahotel.com.vn","238 Bạch Đằng, Phước Ninh, Hải Châu, Đà Nẵng (Gần TQ)",
34,"Homestay Cây Bàng Bãi Bụt","Homestay nhỏ, không gian gần gũi thiên nhiên, thích hợp cắm trại.",3.7,"(+84) 90 123 4567","caybang@homestay.com","Bãi Bụt, Thọ Quang, Sơn Trà, Đà Nẵng",
35,"Da Nang Bay Hotel (Hoà Minh)","Khách sạn 3 sao, view vịnh Đà Nẵng, không gian yên tĩnh, giá phải chăng.",3.9,"(+84) 236 3842 111","danangbay@hotel.vn","12 Nguyễn Tất Thành, Hoà Hiệp Nam, Liên Chiểu, Đà Nẵng",
35,"Khách sạn Phương Đông (Hoà Minh)","Khách sạn bình dân, tiện nghi cơ bản, gần khu công nghiệp.",3.2,"(+84) 236 3730 000","phuongdonghm@hotel.com","200 Tôn Đức Thắng, Hoà Minh, Liên Chiểu, Đà Nẵng",
35,"Mipec Palace Đà Nẵng","Trung tâm hội nghị, có khu vực lưu trú tiêu chuẩn, tiện nghi cơ bản.",3.5,"(+84) 236 3840 888","info@mipecdn.com","230 Nguyễn Lương Bằng, Hoà Minh, Liên Chiểu, Đà Nẵng",
35,"Khách sạn Phương Nam (Hoà Minh)","Khách sạn nhỏ, sạch sẽ, phục vụ khách đi công tác.",3.4,"(+84) 236 3733 444","phuongnamhm@hotel.vn","45 Hoàng Thị Loan, Hoà Minh, Liên Chiểu, Đà Nẵng",
35,"An Phước Hotel (Hoà Minh)","Khách sạn gia đình, dịch vụ thân thiện, gần khu dân cư.",3.6,"(+84) 236 3732 222","anphuochm@hotel.vn","90 Nguyễn Lương Bằng, Hoà Minh, Liên Chiểu, Đà Nẵng",
36,"Khách sạn Sông Hàn (Cẩm Lệ)","Khách sạn tiêu chuẩn, nằm gần cầu vượt Hòa Cầm, thuận tiện đi các tỉnh lân cận.",3.5,"(+84) 236 3689 000","songhancl@hotel.vn","123 Nguyễn Hữu Thọ, Khuê Trung, Cẩm Lệ, Đà Nẵng",
36,"Khách sạn Cẩm Lệ","Khách sạn bình dân, sạch sẽ, phục vụ khách đi công tác và khách vãng lai.",3.2,"(+84) 236 3788 555","camlehotel@email.com","456 Trường Chinh, Hòa Phát, Cẩm Lệ, Đà Nẵng",
36,"Danang Petro Hotel (Cẩm Lệ)","Khách sạn tiêu chuẩn, nằm ở vị trí cửa ngõ, giá cả hợp lý.",3.6,"(+84) 236 3645 111","petrohotelcl@danang.com","280 Cách Mạng Tháng Tám, Khuê Trung, Cẩm Lệ, Đà Nẵng",
36,"Khách sạn Ánh Dương (Cẩm Lệ)","Khách sạn gia đình, dịch vụ thân thiện, gần khu chợ.",3.4,"(+84) 236 3765 432","anhduongcl@hotel.vn","99 Lê Thanh Nghị, Hòa Cường Nam, Hải Châu, Đà Nẵng (Gần Cẩm Lệ)",
36,"Dalat Hotel (Cẩm Lệ)","Khách sạn nhỏ, tiện nghi cơ bản, gần khu dân cư.",3.0,"(+84) 90 123 4567","dalatdncl@hotel.vn","34 Ông Ích Đường, Hoà Thọ Đông, Cẩm Lệ, Đà Nẵng",
37,"InterContinental Nha Trang","Khách sạn 5 sao, nằm ngay bãi biển trung tâm, dịch vụ cao cấp.",4.6,"(+84) 258 388 7777","rsvn.nhatrang@ihg.com","36 Trần Phú, Lộc Thọ, Nha Trang, Khánh Hòa",
37,"Sheraton Nha Trang Hotel & Spa","Khách sạn quốc tế, hồ bơi vô cực, tầm nhìn toàn cảnh biển.",4.4,"(+84) 258 388 0000","reservations.nhatrang@sheraton.com","26-28 Trần Phú, Lộc Thọ, Nha Trang, Khánh Hòa",
37,"Liberty Central Nha Trang","Khách sạn 4 sao, vị trí trung tâm, gần quảng trường 2/4.",4.1,"(+84) 258 3571 571","res@libertycentralnt.com.vn","9 B' Trần Phú, Lộc Thọ, Nha Trang, Khánh Hòa",
37,"Khách sạn Hải Âu","Khách sạn 3 sao, giá cả hợp lý, gần khu ẩm thực đêm.",3.7,"(+84) 258 3522 567","haiauhotel@nhatrang.vn","17 Biệt Thự, Lộc Thọ, Nha Trang, Khánh Hòa",
37,"Seasing Boutique Hotel","Khách sạn boutique nhỏ, phong cách hiện đại, gần bãi biển.",4.0,"(+84) 258 3550 550","booking@seasinghotel.com","34 Hùng Vương, Lộc Thọ, Nha Trang, Khánh Hòa",
38,"Alma Resort Cam Ranh","Khu nghỉ dưỡng 5 sao, bãi biển riêng, biệt thự có hồ bơi.",4.7,"(+84) 258 3981 666","rsvn@alma-resort.com","Khu du lịch Bắc bán đảo Cam Ranh, Cam Hải Đông, Cam Lâm, Khánh Hòa",
38,"Mövenpick Resort Cam Ranh","Resort 5 sao, kiến trúc Thụy Sĩ, dịch vụ cao cấp, gần sân bay.",4.5,"(+84) 258 3985 999","resort.rsvn@movenpick.com","Lô D12, Nguyễn Tất Thành, Cam Hải Đông, Cam Lâm, Khánh Hòa",
38,"Radisson Blu Resort Cam Ranh","Khu nghỉ dưỡng 5 sao, thiết kế hiện đại, bãi biển dài.",4.3,"(+84) 258 3993 333","info@radissonblurcr.com","Lô D10, Nguyễn Tất Thành, Cam Hải Đông, Cam Lâm, Khánh Hòa",
38,"Fusion Resort Cam Ranh","Resort 5 sao, spa trọn gói miễn phí, không gian yên tĩnh.",4.6,"(+84) 258 3990 000","rsvn.frcr@fusionhotelgroup.com","Lô D7, Nguyễn Tất Thành, Cam Hải Đông, Cam Lâm, Khánh Hòa",
38,"Wyndham Grand Cam Ranh Resort","Khu nghỉ dưỡng sang trọng, view biển, nhiều nhà hàng cao cấp.",4.4,"(+84) 258 3999 888","resort@wyndhamgrandcr.com","Lô D2, Nguyễn Tất Thành, Cam Hải Đông, Cam Lâm, Khánh Hòa",
39,"Khách sạn Tana (Vĩnh Phước)","Khách sạn bình dân, sạch sẽ, gần khu vực Tháp Bà Ponagar.",3.6,"(+84) 258 3838 111","tana.hotel@nhatrang.vn","12 Phạm Văn Đồng, Vĩnh Phước, Nha Trang, Khánh Hòa",
39,"Botanic Garden Villa","Villa/Homestay, không gian yên tĩnh, gần biển và khu dân cư.",3.9,"(+84) 90 123 4567","botanicvilla@email.com","99 Nguyễn Đình Chiểu, Vĩnh Phước, Nha Trang, Khánh Hòa",
39,"Khách sạn Công Đoàn Nha Trang","Khách sạn tiêu chuẩn 3 sao, gần khu vực Bắc Nha Trang.",3.5,"(+84) 258 3833 333","congdoantn@hotel.vn","96 Trần Phú, Lộc Thọ, Nha Trang, Khánh Hòa (Gần Vĩnh Phước)",
39,"Khách sạn Long Beach (Vĩnh Phước)","Khách sạn nhỏ, giá cả phải chăng, gần khu vực chợ Đầm.",3.4,"(+84) 258 3839 999","longbeachvp@hotel.com","25 B Nguyễn Biểu, Vĩnh Phước, Nha Trang, Khánh Hòa",
39,"Khách sạn Blue Wave (Vĩnh Phước)","Khách sạn mini, tiện nghi cơ bản, gần các khu du lịch phía Bắc.",3.7,"(+84) 258 3835 555","bluewavent@hotel.vn","77 Phạm Văn Đồng, Vĩnh Phước, Nha Trang, Khánh Hòa",
40,"Amiana Resort Nha Trang","Khu nghỉ dưỡng 5 sao, bãi biển riêng, kiến trúc gần gũi thiên nhiên.",4.5,"(+84) 258 355 3333","rsvn@amianaresort.com","Phạm Văn Đồng, Vĩnh Hải, Nha Trang, Khánh Hòa (Gần VT)",
40,"Vinpearl Resort & Spa Nha Trang Bay","Khu nghỉ dưỡng 5 sao trên đảo Hòn Tre, dịch vụ giải trí đa dạng.",4.6,"(+84) 258 3598 900","res.nhatrangbay@vinpearl.com","Đảo Hòn Tre, Vĩnh Nguyên, Nha Trang, Khánh Hòa (Gần VT)",
40,"An Vĩnh Hotel (Vĩnh Trường)","Khách sạn bình dân, sạch sẽ, nằm gần khu vực cảng Vĩnh Trường.",3.3,"(+84) 258 3591 000","anvinhvt@hotel.vn","15 Nguyễn Đức Cảnh, Vĩnh Trường, Nha Trang, Khánh Hòa",
40,"Sea Side Hotel & Apartment","Căn hộ khách sạn, view biển, gần cáp treo Vinpearl.",3.8,"(+84) 258 3889 889","seaside.rsvn@gmail.com","28 Mạc Đỉnh Chi, Vĩnh Trường, Nha Trang, Khánh Hòa",
40,"Khách sạn Hòn Tre","Khách sạn nhỏ, tiện nghi cơ bản, phục vụ khách đi tàu/cáp treo.",3.5,"(+84) 258 3599 999","hontrehotel@email.com","45 Cầu Đá, Vĩnh Trường, Nha Trang, Khánh Hòa",
41,"Muong Thanh Luxury Nha Trang","Khách sạn 5 sao, view biển đẹp, hồ bơi ngoài trời, nằm ngay trung tâm.",4.2,"(+84) 258 355 2468","info@muongthanhnt.com","60 Trần Phú, Lộc Thọ, Nha Trang, Khánh Hòa (Gần TL)",
41,"The Art Nest Hotel","Khách sạn boutique, thiết kế nghệ thuật, gần khu dân cư và chợ.",3.9,"(+84) 258 3811 111","artnest@hotel.vn","55 Nguyễn Thị Minh Khai, Tân Lập, Nha Trang, Khánh Hòa",
41,"Khách sạn Tân Lập","Khách sạn tiêu chuẩn 3 sao, nằm trong khu phố yên tĩnh, gần trung tâm.",3.6,"(+84) 258 3523 000","tanlaphotel@nhatrang.vn","12 Yersin, Tân Lập, Nha Trang, Khánh Hòa",
41,"Apollon Hotel Nha Trang","Khách sạn 4 sao, dịch vụ tốt, gần các nhà hàng và quán cà phê.",4.0,"(+84) 258 3828 888","apollon@nhatrang.com","40 Hùng Vương, Lộc Thọ, Nha Trang, Khánh Hòa (Gần TL)",
41,"Khách sạn Green World Nha Trang","Khách sạn 4 sao, có hồ bơi lớn, nằm gần bờ biển.",4.1,"(+84) 258 3528 888","rsvn@greenworldhotel.com","20 Nguyễn Thị Minh Khai, Lộc Thọ, Nha Trang, Khánh Hòa (Gần TL)",
42,"Khách sạn Phương Nam (Xương Huân)","Khách sạn bình dân, nằm gần khu vực chợ Đầm, thuận tiện mua sắm.",3.3,"(+84) 258 3835 111","phuongnamxh@hotel.vn","40 Trần Quý Cáp, Xương Huân, Nha Trang, Khánh Hòa",
42,"Khách sạn Sài Gòn Nha Trang","Khách sạn 3 sao, nằm ở khu vực Bắc Nha Trang, giá cả phải chăng.",3.5,"(+84) 258 3828 000","saigonnt@hotel.com","90 Trần Phú, Lộc Thọ, Nha Trang, Khánh Hòa (Gần XH)",
42,"Botanic Garden Villa (Xương Huân)","Villa/Homestay, không gian yên tĩnh, gần biển và khu dân cư.",3.9,"(+84) 90 123 4567","botanicgardenxh@email.com","99 Nguyễn Đình Chiểu, Vĩnh Phước, Nha Trang, Khánh Hòa (Gần XH)",
42,"Minh Tâm Hotel (Xương Huân)","Khách sạn nhỏ, sạch sẽ, tiện nghi cơ bản.",3.4,"(+84) 258 3836 666","minhtamxh@hotel.vn","15 Bạch Đằng, Xương Huân, Nha Trang, Khánh Hòa",
42,"Khách sạn Bưu Điện Nha Trang","Khách sạn tiêu chuẩn, nằm gần trung tâm hành chính cũ, dịch vụ cơ bản.",3.6,"(+84) 258 3822 000","buudiennt@hotel.vn","55 Lê Thành Phương, Xương Huân, Nha Trang, Khánh Hòa",
43,"Amiana Resort Nha Trang","Khu nghỉ dưỡng 5 sao, bãi biển riêng, kiến trúc gần gũi thiên nhiên.",4.5,"(+84) 258 355 3333","rsvn@amianaresort.com","Phạm Văn Đồng, Vĩnh Hải, Nha Trang, Khánh Hòa",
43,"Boton Blue Hotel & Spa","Khách sạn 5 sao, view biển đẹp, hồ bơi trên cao, gần khu vực Hòn Chồng.",4.3,"(+84) 258 3836 868","rsvn@botonbluehotel.com","28-30 Phạm Văn Đồng, Vĩnh Hải, Nha Trang, Khánh Hòa",
43,"Khách sạn Havana Nha Trang","Khách sạn 5 sao, có hầm thông ra biển, dịch vụ cao cấp.",4.2,"(+84) 258 3889 999","rsvn@havanahotel.vn","38 Trần Phú, Lộc Thọ, Nha Trang, Khánh Hòa (Gần VH)",
43,"Khách sạn Sài Gòn Nha Trang (Vĩnh Hải)","Khách sạn 3 sao, nằm ở khu vực Bắc Nha Trang, giá cả phải chăng.",3.5,"(+84) 258 3828 000","saigonntvh@hotel.com","25 B Nguyễn Biểu, Vĩnh Phước, Nha Trang, Khánh Hòa (Gần VH)",
43,"Minh Tâm Hotel (Vĩnh Hải)","Khách sạn nhỏ, sạch sẽ, tiện nghi cơ bản, gần các khu dân cư.",3.4,"(+84) 258 3836 666","minhtamvh@hotel.vn","12 Nguyễn Khuyến, Vĩnh Hải, Nha Trang, Khánh Hòa",
44,"Khách sạn Cam Ranh Bay","Khách sạn 3 sao, nằm gần trung tâm thành phố Cam Ranh, giá cả phải chăng.",3.6,"(+84) 258 3855 111","camranhbay@hotel.vn","120 Nguyễn Trọng Kỷ, Cam Nghĩa, Cam Ranh, Khánh Hòa",
44,"Hùng Vương Hotel (Cam Ranh)","Khách sạn bình dân, sạch sẽ, phục vụ khách đi công tác.",3.2,"(+84) 258 3856 222","hungvuongcr@hotel.com","30 Đại lộ Hùng Vương, Ba Ngòi, Cam Ranh, Khánh Hòa",
44,"Bình Ba Island Homestay (Cam Ranh)","Homestay/Nhà nghỉ trên đảo Bình Ba, không gian yên tĩnh, trải nghiệm địa phương.",4.0,"(+84) 90 234 5678","binbahomestay@email.com","Đảo Bình Ba, Cam Bình, Cam Ranh, Khánh Hòa",
44,"Khách sạn Bưu Điện Cam Ranh","Khách sạn tiêu chuẩn, nằm gần khu hành chính thành phố.",3.5,"(+84) 258 3854 000","buudiencr@hotel.vn","100 Nguyễn Thái Học, Ba Ngòi, Cam Ranh, Khánh Hòa",
44,"Khách sạn Thanh Trà (Cam Ranh)","Khách sạn nhỏ, tiện nghi cơ bản, gần khu vực chợ.",3.3,"(+84) 258 3853 333","thanhtracr@hotel.vn","50 Phạm Văn Đồng, Cam Phúc Bắc, Cam Ranh, Khánh Hòa",
45,"Vinpearl Resort & Spa Nha Trang (Vĩnh Hoà)","Khu nghỉ dưỡng 5 sao trên đảo Hòn Tre, dịch vụ giải trí đa dạng.",4.6,"(+84) 258 3598 900","res.vinhhoa@vinpearl.com","Đảo Hòn Tre, Vĩnh Nguyên, Nha Trang, Khánh Hòa (Gần VH)",
45,"Khách sạn Ngọc Hân (Vĩnh Hoà)","Khách sạn bình dân, sạch sẽ, giá cả hợp lý, gần khu vực Bến xe phía Bắc.",3.4,"(+84) 258 3835 123","ngochanvh@hotel.vn","12 Vĩnh Thái, Vĩnh Hòa, Nha Trang, Khánh Hòa",
45,"Khách sạn Sao Biển (Vĩnh Hoà)","Khách sạn nhỏ, tiện nghi cơ bản, gần biển Hòn Chồng.",3.6,"(+84) 258 3837 777","saobienvh@hotel.com","55 Phạm Văn Đồng, Vĩnh Hòa, Nha Trang, Khánh Hòa",
45,"Khách sạn Sun Bay (Vĩnh Hoà)","Khách sạn tiêu chuẩn, view một phần biển, dịch vụ thân thiện.",3.8,"(+84) 258 3838 999","sunbayvh@hotel.vn","88 Phạm Văn Đồng, Vĩnh Hòa, Nha Trang, Khánh Hòa",
45,"Khách sạn Hương Biển (Vĩnh Hoà)","Khách sạn mini, sạch sẽ, giá rẻ, gần khu dân cư.",3.3,"(+84) 258 3839 000","huongbienvh@hotel.vn","20 Vĩnh Phước, Vĩnh Hòa, Nha Trang, Khánh Hòa",
46,"Pullman Vung Tau","Khách sạn 5 sao, gần bãi Sau (Thùy Vân), dịch vụ hội nghị cao cấp.",4.4,"(+84) 254 3551 777","rsvn@pullman-vungtau.com","15 Thi Sách, Thắng Tam, Vũng Tàu, Bà Rịa - Vũng Tàu",
46,"The Imperial Hotel Vung Tau","Khách sạn 5 sao, kiến trúc Victoria, có bãi biển riêng.",4.3,"(+84) 254 3628 888","info@imperialhotel.vn","159 Thùy Vân, Thắng Tam, Vũng Tàu, Bà Rịa - Vũng Tàu",
46,"Dic Star Hotel Vung Tau","Khách sạn 4 sao, nằm gần bãi Sau, giá cả hợp lý.",3.9,"(+84) 254 3855 888","rsvn@dicstarhotel.com","169 Thùy Vân, Thắng Tam, Vũng Tàu, Bà Rịa - Vũng Tàu",
46,"Soho Premier Hotel & Apartment","Căn hộ khách sạn, gần khu ẩm thực, phù hợp cho gia đình.",4.0,"(+84) 254 3801 888","soho@hotel.vn","180 Hoàng Hoa Thám, Thắng Tam, Vũng Tàu, Bà Rịa - Vũng Tàu",
46,"Khách sạn Dầu Khí Vũng Tàu","Khách sạn 3 sao, tiện nghi cơ bản, gần khu vực trung tâm.",3.6,"(+84) 254 3852 000","daukhivt@hotel.vn","149 Thùy Vân, Thắng Tam, Vũng Tàu, Bà Rịa - Vũng Tàu",
47,"Rex Hotel Vung Tau","Khách sạn 4 sao, nằm gần khu vực Bãi Trước, tiện nghi đầy đủ.",3.8,"(+84) 254 3852 135","rsvn@rex.vt.vn","1 Lê Quý Đôn, Phường 1, Vũng Tàu, Bà Rịa - Vũng Tàu (Gần P2)",
47,"Palace Hotel Vung Tau","Khách sạn 4 sao, vị trí trung tâm, gần cáp treo và các điểm tham quan.",4.1,"(+84) 254 3856 411","sales@palacehotel.vn","1 Lê Quý Đôn, Phường 1, Vũng Tàu, Bà Rịa - Vũng Tàu (Gần P2)",
47,"Khách sạn Petro House","Khách sạn 3 sao, kiến trúc kiểu Pháp, gần Bãi Trước.",3.7,"(+84) 254 3852 352","rsvn@petrohousehotel.vn","63 Trần Hưng Đạo, Phường 1, Vũng Tàu, Bà Rịa - Vũng Tàu (Gần P2)",
47,"Romeliess Hotel","Khách sạn boutique, phong cách hiện đại, gần biển.",4.0,"(+84) 254 3855 555","info@romeliesshotel.com","2-4 Thùy Vân, Phường 2, Vũng Tàu, Bà Rịa - Vũng Tàu",
47,"Ngọc Hạnh Hotel (Phường 2)","Khách sạn bình dân, sạch sẽ, giá phải chăng, gần Bãi Sau.",3.5,"(+84) 254 357 0000","ngochanhvt@hotel.vn","108 Thùy Vân, Phường 2, Vũng Tàu, Bà Rịa - Vũng Tàu",
48,"OSCAR Hotel Vung Tau","Khách sạn 3 sao, nằm ở khu vực nội thành, phục vụ khách công tác.",3.5,"(+84) 254 3835 111","oscarvt@hotel.vn","212 Lê Hồng Phong, Phường 4, Vũng Tàu, Bà Rịa - Vũng Tàu",
48,"Khách sạn Mường Thanh Vũng Tàu","Khách sạn 4 sao, view biển, gần khu vực Núi Lớn.",4.0,"(+84) 254 3550 000","rsvn@muongthanhvt.com","9 Thống Nhất, Phường 1, Vũng Tàu, Bà Rịa - Vũng Tàu (Gần P10)",
48,"Khách sạn Thùy Dương Vũng Tàu","Khách sạn tiêu chuẩn, nằm ở vị trí thuận tiện, giá cả hợp lý.",3.4,"(+84) 254 3833 999","thuydươngvt@hotel.vn","49 Thùy Vân, Phường 2, Vũng Tàu, Bà Rịa - Vũng Tàu",
48,"Khách sạn Sao Mai (Phường 10)","Khách sạn bình dân, sạch sẽ, gần khu vực chợ.",3.2,"(+84) 254 3575 123","saomaivt@hotel.vn","99 Nguyễn An Ninh, Phường 10, Vũng Tàu, Bà Rịa - Vũng Tàu",
48,"Khách sạn Việt Hải","Khách sạn nhỏ, tiện nghi cơ bản, nằm trong khu dân cư.",3.0,"(+84) 254 3836 444","viethai@hotel.vn","25 Nguyễn Hữu Cảnh, Phường 10, Vũng Tàu, Bà Rịa - Vũng Tàu",
49,"The Grand Ho Tram Strip","Khu phức hợp nghỉ dưỡng 5 sao, có Casino, sân golf, nhiều tiện ích giải trí.",4.5,"(+84) 254 3788 888","res@thegrandhotram.com","Xã Phước Thuận, Huyện Xuyên Mộc, Bà Rịa - Vũng Tàu (Hồ Tràm)",
49,"Melia Ho Tram Beach Resort","Resort 5 sao, thiết kế Địa Trung Hải, bãi biển đẹp, yên tĩnh.",4.6,"(+84) 254 3788 000","rsvn@meliahotram.com","Ven biển, Xã Phước Thuận, Huyện Xuyên Mộc, Bà Rịa - Vũng Tàu (Hồ Tràm)",
49,"Sanctuary Residential Resort Community","Biệt thự nghỉ dưỡng cao cấp, có hồ bơi riêng, thích hợp cho nhóm gia đình.",4.4,"(+84) 254 3781 631","sales@sanctuary.com.vn","Hồ Tràm, Xã Phước Thuận, Huyện Xuyên Mộc, Bà Rịa - Vũng Tàu",
49,"Carmelina Beach Resort","Resort 4 sao, không gian xanh mát, nhiều hồ bơi, dịch vụ thư giãn.",4.1,"(+84) 254 3788 555","info@carmelina.vn","Hồ Tràm, Xã Phước Thuận, Huyện Xuyên Mộc, Bà Rịa - Vũng Tàu",
49,"Tân Hiệp Phát Hotel (Hồ Tràm)","Khách sạn bình dân, sạch sẽ, giá phải chăng, gần chợ hải sản.",3.5,"(+84) 254 3789 123","tanhepphatht@hotel.vn","Xã Phước Thuận, Huyện Xuyên Mộc, Bà Rịa - Vũng Tàu (Hồ Tràm)",
50,"Alma Oasis Long Hai","Resort 4 sao, thiết kế tối giản, view biển và núi.",4.3,"(+84) 254 3662 222","res@almaoasislonghai.com","Tỉnh lộ 44A, Thị trấn Long Hải, Huyện Long Điền, Bà Rịa - Vũng Tàu",
50,"Anoasis Resort Long Hai","Khu nghỉ dưỡng yên tĩnh, có bãi biển riêng, phù hợp cho cặp đôi.",4.5,"(+84) 254 3868 222","rsvn@anoasisresort.com.vn","Tỉnh lộ 44A, Thị trấn Long Hải, Huyện Long Điền, Bà Rịa - Vũng Tàu",
50,"Minh Dam Hotel Long Hai","Khách sạn tiêu chuẩn 3 sao, gần khu du lịch Minh Đạm, giá hợp lý.",3.7,"(+84) 254 3862 111","minhdamlh@hotel.vn","Tỉnh lộ 44A, Thị trấn Long Hải, Huyện Long Điền, Bà Rịa - Vũng Tàu",
50,"Long Hai Beach Resort","Resort lâu đời, có khuôn viên rộng, sát biển, nhiều cây xanh.",3.9,"(+84) 254 3661 350","longhaibeach@resort.vn","Tỉnh lộ 44, Thị trấn Long Hải, Huyện Long Điền, Bà Rịa - Vũng Tàu",
50,"Oceanami Villas & Beach Club","Khu phức hợp biệt thự, có bãi biển, hồ bơi lớn, dịch vụ cao cấp.",4.2,"(+84) 254 3600 222","rsvn@oceanami.com","Tỉnh lộ 44A, Xã Phước Hải, Huyện Đất Đỏ, Bà Rịa - Vũng Tàu (Gần LH)",
51,"Vietsovpetro Resort Vũng Tàu","Resort 4 sao, nằm sát biển, có nhiều dịch vụ thể thao dưới nước.",4.0,"(+84) 254 3862 862","rsvn@vietsovpetroresort.com","Thị trấn Phước Hải, Huyện Đất Đỏ, Bà Rịa - Vũng Tàu",
51,"Bella Vita Hotel & Resort","Resort nhỏ, phong cách thân thiện, gần khu dân cư Phước Hải.",3.6,"(+84) 254 3760 111","bellavita@resort.vn","Tỉnh lộ 44A, Thị trấn Phước Hải, Huyện Đất Đỏ, Bà Rịa - Vũng Tàu",
51,"Khách sạn Dân Chủ Phước Hải","Khách sạn bình dân, sạch sẽ, giá rẻ, gần khu chợ Phước Hải.",3.2,"(+84) 254 3762 555","danchuph@hotel.vn","Tỉnh lộ 44A, Thị trấn Phước Hải, Huyện Đất Đỏ, Bà Rịa - Vũng Tàu",
51,"Long Hải - Phước Hải Beach Bungalow","Bungalow/Nhà nghỉ, không gian thoáng đãng, gần biển.",3.5,"(+84) 90 123 4567","bungalowph@email.com","Xã Phước Hải, Huyện Đất Đỏ, Bà Rịa - Vũng Tàu",
51,"Khách sạn Bưu Điện Phước Hải","Khách sạn tiêu chuẩn, nằm gần trung tâm hành chính huyện Đất Đỏ.",3.4,"(+84) 254 3761 000","buudienph@hotel.vn","Thị trấn Phước Hải, Huyện Đất Đỏ, Bà Rịa - Vũng Tàu",
52,"Khách sạn Dầu Khí Vũng Tàu (P8)","Khách sạn 3 sao, nằm gần khu vực Sân bay Vũng Tàu, phục vụ khách công tác.",3.6,"(+84) 254 3852 000","daukhivt_p8@hotel.vn","149 Thùy Vân, Phường 8, Vũng Tàu, Bà Rịa - Vũng Tàu",
52,"Khách sạn Green Vũng Tàu","Khách sạn 3 sao, tiện nghi cơ bản, gần khu dân cư và các trường học.",3.4,"(+84) 254 3840 500","greenvt_p8@hotel.com","179 Thống Nhất, Phường 8, Vũng Tàu, Bà Rịa - Vũng Tàu",
52,"Ngọc Hạnh Hotel (Phường 8)","Khách sạn bình dân, sạch sẽ, giá phải chăng, gần Bãi Sau.",3.5,"(+84) 254 357 0000","ngochanh_p8@hotel.vn","108 Thùy Vân, Phường 8, Vũng Tàu, Bà Rịa - Vũng Tàu",
52,"Khách sạn Thùy Dương Vũng Tàu (P8)","Khách sạn tiêu chuẩn, nằm ở vị trí thuận tiện, gần chợ.",3.3,"(+84) 254 3833 999","thuydương_p8@hotel.vn","49 Thùy Vân, Phường 8, Vũng Tàu, Bà Rịa - Vũng Tàu",
52,"Ruby Hotel & Apartment (P8)","Căn hộ dịch vụ, phù hợp lưu trú dài ngày, gần các khu mua sắm.",3.7,"(+84) 254 3801 888","rubyvt_p8@apartment.com","120 Hoàng Hoa Thám, Phường 8, Vũng Tàu, Bà Rịa - Vũng Tàu",
53,"Khách sạn Phương Đông (P5)","Khách sạn bình dân, nằm gần khu vực trung tâm Bãi Trước.",3.4,"(+84) 254 3835 111","phuongdong_p5@hotel.vn","40 Trần Quý Cáp, Phường 5, Vũng Tàu, Bà Rịa - Vũng Tàu",
53,"Khách sạn DIC Star (P5)","Khách sạn 4 sao, nằm gần Bãi Sau, giá cả hợp lý.",3.9,"(+84) 254 3855 888","dicstar_p5@hotel.com","169 Thùy Vân, Thắng Tam, Vũng Tàu, Bà Rịa - Vũng Tàu (Gần P5)",
53,"Khách sạn Bưu Điện Vũng Tàu (P5)","Khách sạn tiêu chuẩn, nằm gần trung tâm hành chính, dịch vụ cơ bản.",3.6,"(+84) 254 3822 000","buudien_p5@hotel.vn","55 Lê Thành Phương, Phường 5, Vũng Tàu, Bà Rịa - Vũng Tàu",
53,"Seaside Resort Vũng Tàu","Resort 4 sao, nằm trên sườn đồi, view biển đẹp, khu vực yên tĩnh.",4.2,"(+84) 254 3855 277","rsvn@seaside.vt.vn","212 Trần Phú, Phường 5, Vũng Tàu, Bà Rịa - Vũng Tàu",
53,"Khách sạn Minh Tâm (P5)","Khách sạn nhỏ, sạch sẽ, tiện nghi cơ bản, gần khu dân cư.",3.3,"(+84) 254 3836 666","minhtam_p5@hotel.vn","25 Bà Triệu, Phường 5, Vũng Tàu, Bà Rịa - Vũng Tàu",
54,"Hồ Cốc Beach Resort & Hotel","Resort 4 sao, nằm sát biển Hồ Cốc, có rừng dương và bãi biển riêng.",4.1,"(+84) 254 3792 500","info@hococresort.com","Bờ biển Hồ Cốc, Xã Bưng Riềng, Huyện Xuyên Mộc, Bà Rịa - Vũng Tàu",
54,"Sài Gòn - Hồ Cốc Beach Resort","Khu nghỉ dưỡng 4 sao, không gian yên tĩnh, dịch vụ thư giãn.",4.0,"(+84) 254 3792 188","res@saigonhococc.com.vn","Hồ Cốc, Xã Bưng Riềng, Huyện Xuyên Mộc, Bà Rịa - Vũng Tàu",
54,"Hồ Cốc Sanctuary Villa","Biệt thự cho thuê, phù hợp cho nhóm gia đình lớn, có hồ bơi riêng.",4.3,"(+84) 90 999 8888","sanctuaryhc@villa.com","Bờ biển Hồ Cốc, Xã Bưng Riềng, Huyện Xuyên Mộc, Bà Rịa - Vũng Tàu",
54,"Minh Tâm Homestay (Hồ Cốc)","Homestay/Nhà nghỉ nhỏ, gần biển, giá rẻ, thân thiện.",3.5,"(+84) 254 3792 345","minhtamhc@homestay.vn","Xã Bưng Riềng, Huyện Xuyên Mộc, Bà Rịa - Vũng Tàu (Hồ Cốc)",
54,"Khách sạn Dũng Cảm (Hồ Cốc)","Khách sạn bình dân, tiện nghi cơ bản, gần khu ẩm thực địa phương.",3.2,"(+84) 254 3792 400","dungcamhc@hotel.vn","Xã Bưng Riềng, Huyện Xuyên Mộc, Bà Rịa - Vũng Tàu (Hồ Cốc)",
55,"Dalat Palace Heritage Hotel","Khách sạn 5 sao cổ kính, kiến trúc Pháp sang trọng, gần Hồ Xuân Hương.",4.5,"(+84) 263 3822 033","rsvn@dalatpalacehotel.com","12 Trần Phú, Phường 3, Đà Lạt, Lâm Đồng",
55,"Mercure Dalat Resort","Khu nghỉ dưỡng 4 sao, kiến trúc cổ điển, không gian yên tĩnh.",4.3,"(+84) 263 3556 868","h9688@accor.com","38 Hùng Vương, Phường 10, Đà Lạt, Lâm Đồng",
55,"Saphir Dalat Hotel","Khách sạn 3 sao, phong cách cổ điển, nằm ngay trung tâm, gần chợ Đà Lạt.",3.9,"(+84) 263 3555 678","saphir@dalathotel.vn","09 Phan Kế Bính, Phường 1, Đà Lạt, Lâm Đồng",
55,"Khách sạn TTC Ngọc Lan","Khách sạn 4 sao, view Hồ Xuân Hương, vị trí đắc địa.",4.1,"(+84) 263 3828 888","sales@ttcngoclan.com","42 Nguyễn Chí Thanh, Phường 1, Đà Lạt, Lâm Đồng",
55,"The Dalat at 1200 Hotel","Khách sạn boutique, thiết kế hiện đại, gần khu vực chợ đêm.",3.8,"(+84) 263 3555 123","thedalat1200@hotel.vn","12 Bùi Thị Xuân, Phường 2, Đà Lạt, Lâm Đồng",
56,"Dalat Train Villa & Cafe","Biệt thự nghỉ dưỡng, gần Ga Đà Lạt, có thiết kế liên quan đến xe lửa.",4.0,"(+84) 263 3555 000","trainvilla@dalat.com","1 Quang Trung, Phường 9, Đà Lạt, Lâm Đồng (Gần Ga)",
56,"Ga Đà Lạt Homestay","Homestay nhỏ, thiết kế vintage, gần khu vực Ga tàu cổ.",3.7,"(+84) 90 123 4567","ga.homestay@email.com","05 Nguyễn Trãi, Phường 9, Đà Lạt, Lâm Đồng (Gần Ga)",
56,"Ana Mandara Villas Dalat Resort & Spa","Khu nghỉ dưỡng 5 sao, biệt thự cổ kính, nằm trên đồi thông, yên tĩnh.",4.6,"(+84) 263 3555 888","rsvn.anamandara@resort.com","Lê Lai, Phường 5, Đà Lạt, Lâm Đồng (Gần Ga)",
56,"Khách sạn Thanh Tùng","Khách sạn bình dân, sạch sẽ, giá rẻ, gần khu vực Ga Đà Lạt.",3.4,"(+84) 263 3833 999","thanhtung.dl@hotel.vn","08 Phan Chu Trinh, Phường 9, Đà Lạt, Lâm Đồng (Gần Ga)",
56,"Dalat Cadasa Resort","Khu nghỉ dưỡng biệt thự kiểu Pháp, nhiều cây xanh, không gian lãng mạn.",4.2,"(+84) 263 3586 789","cadasa@resort.vn","16 Trần Hưng Đạo, Phường 10, Đà Lạt, Lâm Đồng (Gần Ga)",
57,"Thung Lũng Tình Yêu Camping Site","Khu cắm trại/glamping, gần khu du lịch, trải nghiệm thiên nhiên.",3.8,"(+84) 263 3835 123","lovevalley@camping.com","Thung lũng Tình Yêu, Mai Anh Đào, Phường 8, Đà Lạt, Lâm Đồng",
57,"Đồi Mộng Mơ Resort","Khu nghỉ dưỡng có tầm nhìn đẹp, gần Thung lũng Tình Yêu.",3.9,"(+84) 263 3820 422","doimongmo@resort.vn","05 Mai Anh Đào, Phường 8, Đà Lạt, Lâm Đồng",
57,"Khách sạn Ngọc Phát (Đà Lạt)","Khách sạn 3 sao, tiện nghi cơ bản, gần khu vực ngoại ô.",3.5,"(+84) 263 3585 000","ngocphat.dl@hotel.vn","02 Mai Anh Đào, Phường 8, Đà Lạt, Lâm Đồng",
57,"Homestay Cỏ Xanh","Homestay nhỏ, thiết kế ấm cúng, gần khu vực Thung lũng Tình Yêu.",3.6,"(+84) 90 987 6543","coxanh@homestay.vn","01 Phù Đổng Thiên Vương, Phường 8, Đà Lạt, Lâm Đồng",
57,"Khách sạn Hoàng Yến (Đà Lạt)","Khách sạn bình dân, sạch sẽ, phục vụ khách du lịch tham quan.",3.3,"(+84) 263 3822 555","hoangyendalat@hotel.vn","10 Mai Anh Đào, Phường 8, Đà Lạt, Lâm Đồng",
58,"Khách sạn Cam Ly","Khách sạn bình dân, gần khu vực Thác Cam Ly, giá phải chăng.",3.2,"(+84) 263 3822 111","camlyhotel@dalat.vn","Đường Cam Ly, Phường 5, Đà Lạt, Lâm Đồng",
58,"Dalat Dream House Homestay","Homestay nhỏ, thiết kế ấm cúng, view thung lũng gần thác Cam Ly.",3.8,"(+84) 90 234 5678","dreamhousedl@homestay.com","120 Nguyễn Văn Trỗi, Phường 2, Đà Lạt, Lâm Đồng (Gần CL)",
58,"Khách sạn Hoàng Triều (Cam Ly)","Khách sạn tiêu chuẩn 2 sao, tiện nghi cơ bản, gần khu du lịch.",3.4,"(+84) 263 3833 444","hoangtrieudl@hotel.vn","99 Hùng Vương, Phường 4, Đà Lạt, Lâm Đồng (Gần CL)",
59,"Terracotta Hotel & Resort Dalat","Resort 4 sao, nằm ven hồ Tuyền Lâm, khu vực yên tĩnh, có rừng thông.",4.4,"(+84) 263 3688 888","rsvn@terracottaresort.com.vn","Phân khu chức năng 7.9, Phường 11, Đà Lạt, Lâm Đồng",
59,"Swiss-Belresort Tuyen Lam","Resort 4 sao, view sân golf, kiến trúc châu Âu, nằm trên đồi.",4.3,"(+84) 263 3799 799","rsvn@swissbelresorttuyenlam.com","Khu du lịch hồ Tuyền Lâm, Phường 11, Đà Lạt, Lâm Đồng",
59,"Edensee Lake Resort & Spa","Resort 5 sao, thiết kế kiểu Đức, dịch vụ spa, view hồ Tuyền Lâm.",4.6,"(+84) 263 3833 999","info@edenseeresort.com.vn","Khu du lịch hồ Tuyền Lâm, Phường 11, Đà Lạt, Lâm Đồng",
59,"Khách sạn Golf Valley Dalat","Khách sạn 4 sao mới, thiết kế hiện đại, nằm gần trung tâm.",4.1,"(+84) 263 3822 666","rsvn@golfvalleyhotel.com","94 Bùi Thị Xuân, Phường 2, Đà Lạt, Lâm Đồng (Gần P11)",
59,"Dalat Wonder Resort","Resort 4 sao, nhiều dịch vụ giải trí, view hồ Tuyền Lâm.",4.2,"(+84) 263 3777 999","info@dalatwonder.vn","Số 19 Đường Hoa Hồng, Phường 11, Đà Lạt, Lâm Đồng",
60,"Dalat Palace Heritage Hotel","Khách sạn 5 sao cổ kính, kiến trúc Pháp sang trọng, đối diện Hồ Xuân Hương.",4.5,"(+84) 263 3822 033","rsvn@dalatpalacehotel.com","12 Trần Phú, Phường 3, Đà Lạt, Lâm Đồng",
60,"Khách sạn TTC Ngọc Lan","Khách sạn 4 sao, view trực diện Hồ Xuân Hương, vị trí đắc địa.",4.1,"(+84) 263 3828 888","sales@ttcngoclan.com","42 Nguyễn Chí Thanh, Phường 1, Đà Lạt, Lâm Đồng",
60,"Du Parc Hotel Dalat","Khách sạn 4 sao cổ điển, nằm gần Hồ Xuân Hương và Chợ Đà Lạt.",4.0,"(+84) 263 3825 777","rsvn@duparchotel.com.vn","15 Trần Phú, Phường 3, Đà Lạt, Lâm Đồng",
60,"Khách sạn Sài Gòn - Đà Lạt","Khách sạn 4 sao, nằm gần Hồ Xuân Hương, tiện nghi đầy đủ.",3.9,"(+84) 263 3556 677","saigondalat@hotel.vn","18 Trần Phú, Phường 3, Đà Lạt, Lâm Đồng",
60,"Khách sạn Bưu Điện Đà Lạt (Hồ Xuân Hương)","Khách sạn tiêu chuẩn 3 sao, nằm ngay bờ Hồ, giá cả hợp lý.",3.7,"(+84) 263 3829 000","buudiendl@hotel.vn","12 Nguyễn Văn Cừ, Phường 1, Đà Lạt, Lâm Đồng",
61,"Terracotta Hotel & Resort Dalat","Resort 4 sao, nằm ven hồ Tuyền Lâm, khu vực yên tĩnh, có rừng thông.",4.4,"(+84) 263 3688 888","rsvn@terracottaresort.com.vn","Phân khu chức năng 7.9, Phường 4, Đà Lạt, Lâm Đồng (Hồ Tuyền Lâm)",
61,"Edensee Lake Resort & Spa","Resort 5 sao, thiết kế kiểu Đức, dịch vụ spa, view hồ Tuyền Lâm.",4.6,"(+84) 263 3833 999","info@edenseeresort.com.vn","Khu du lịch hồ Tuyền Lâm, Phường 4, Đà Lạt, Lâm Đồng",
61,"Dalat Wonder Resort","Resort 4 sao, nhiều dịch vụ giải trí, view hồ Tuyền Lâm.",4.2,"(+84) 263 3777 999","info@dalatwonder.vn","Số 19 Đường Hoa Hồng, Phường 4, Đà Lạt, Lâm Đồng (Hồ Tuyền Lâm)",
61,"Swiss-Belresort Tuyen Lam","Resort 4 sao, view sân golf, kiến trúc châu Âu, nằm trên đồi thông.",4.3,"(+84) 263 3799 799","rsvn@swissbelresorttuyenlam.com","Khu du lịch hồ Tuyền Lâm, Phường 4, Đà Lạt, Lâm Đồng",
61,"Khách sạn Dã Quỳ (Hồ Tuyền Lâm)","Khách sạn tiêu chuẩn, nằm gần khu vực hồ, giá cả phải chăng.",3.5,"(+84) 263 3835 123","daquyhtl@hotel.vn","Hồ Tuyền Lâm, Phường 4, Đà Lạt, Lâm Đồng",
62,"Thảo Nguyên Resort (Xuân Thọ)","Resort nhỏ, không gian yên bình, gần khu vực Trại Mát.",3.9,"(+84) 263 3835 555","thaonguyen@resort.vn","123 Trại Mát, Xã Xuân Thọ, Đà Lạt, Lâm Đồng",
62,"Sunny Farm Homestay","Homestay/Nhà nghỉ, view cánh đồng và nhà lồng, nổi tiếng trên mạng xã hội.",4.1,"(+84) 90 123 4567","sunnyfarm@homestay.com","Dốc số 7, Xã Xuân Thọ, Đà Lạt, Lâm Đồng",
62,"Đà Lạt Ngàn Hoa Homestay","Homestay nhỏ, thiết kế ấm cúng, gần khu vực trồng hoa.",3.7,"(+84) 263 3836 789","nganhoa@homestay.vn","Xã Xuân Thọ, Đà Lạt, Lâm Đồng",
62,"Khách sạn Trại Mát","Khách sạn bình dân, sạch sẽ, gần Ga Trại Mát và khu vực ngoại ô.",3.4,"(+84) 263 3837 000","traimathotel@dalat.vn","15 Đường Hùng Vương, Xã Xuân Thọ, Đà Lạt, Lâm Đồng",
62,"Khách sạn Hoàng Triều (Xuân Thọ)","Khách sạn tiêu chuẩn 2 sao, tiện nghi cơ bản, gần khu dân cư.",3.3,"(+84) 263 3833 444","hoangtrieuxt@hotel.vn","99 Hùng Vương, Xã Xuân Thọ, Đà Lạt, Lâm Đồng",
63,"Khu nghỉ dưỡng Đan Kia","Khu nghỉ dưỡng tiêu chuẩn, nằm ở khu vực ngoại ô, gần khu du lịch Lang Biang.",4.0,"(+84) 263 3838 111","dankia@resort.vn","Xã Lát, Huyện Lạc Dương, Lâm Đồng (Gần Đan Kia)",
63,"Lang Biang Village Resort","Resort nhỏ, gần khu du lịch Lang Biang, kiến trúc nhà gỗ.",3.9,"(+84) 263 3839 000","langbiang@resort.com","Xã Lát, Huyện Lạc Dương, Lâm Đồng (Gần Đan Kia)",
63,"Khách sạn Lạc Dương (Đan Kia)","Khách sạn bình dân, sạch sẽ, phục vụ khách tham quan Lang Biang.",3.3,"(+84) 263 3835 555","lạcduong@hotel.vn","Thị trấn Lạc Dương, Huyện Lạc Dương, Lâm Đồng (Gần Đan Kia)",
63,"Homestay Đan Kia","Homestay nhỏ, gần khu du lịch Lang Biang, không gian gần gũi.",3.5,"(+84) 90 999 0000","dankiahomestay@email.com","Xã Lát, Huyện Lạc Dương, Lâm Đồng (Gần Đan Kia)",
63,"Khách sạn Rừng Thông (Đan Kia)","Khách sạn nhỏ, view rừng thông, không gian yên tĩnh.",3.6,"(+84) 263 3836 222","rungthong@hotel.vn","Xã Lát, Huyện Lạc Dương, Lâm Đồng (Gần Đan Kia)",
64,"Khách sạn Lâm Hà","Khách sạn bình dân, nằm ở trung tâm huyện, sạch sẽ, giá rẻ.",3.2,"(+84) 263 3680 111","lamha@hotel.vn","15 Nguyễn Văn Cừ, Thị trấn Đinh Văn, Lâm Hà, Lâm Đồng",
64,"Coffee Garden Homestay (Lâm Hà)","Homestay nhỏ, gần các vườn cà phê, không gian yên tĩnh.",3.8,"(+84) 90 234 5678","coffeegarden@homestay.com","Xã Nam Ban, Huyện Lâm Hà, Lâm Đồng",
64,"Khách sạn Tân Thanh (Lâm Hà)","Khách sạn tiêu chuẩn 2 sao, phục vụ khách đi công tác và khách vãng lai.",3.4,"(+84) 263 3681 222","tanthanh.lh@hotel.vn","Tỉnh lộ 725, Thị trấn Đinh Văn, Lâm Hà, Lâm Đồng",
64,"Đà Lạt Rừng Homestay (Lâm Hà)","Homestay xa trung tâm, gần rừng, trải nghiệm nghỉ dưỡng thiên nhiên.",3.7,"(+84) 90 987 6543","runghomestay@dalat.vn","Xã Hoài Đức, Huyện Lâm Hà, Lâm Đồng",
64,"Khách sạn Thủy Tiên (Lâm Hà)","Khách sạn nhỏ, tiện nghi cơ bản, gần khu dân cư.",3.3,"(+84) 263 3682 333","thuytienlh@hotel.vn","05 Nguyễn Chí Thanh, Thị trấn Đinh Văn, Lâm Hà, Lâm Đồng",
65,"Lang Biang Village Resort","Resort nhỏ, gần khu du lịch Lang Biang, kiến trúc nhà gỗ.",3.9,"(+84) 263 3839 000","langbiang@resort.com","Xã Lát, Huyện Lạc Dương, Lâm Đồng (Núi Lang Biang)",
65,"Đà Lạt Mây Homestay","Homestay có view nhìn ra núi Lang Biang, thiết kế đẹp.",4.2,"(+84) 90 123 4567","dalatmay@homestay.vn","Khu vực chân núi Lang Biang, Lạc Dương, Lâm Đồng",
65,"Lang Biang Hotel","Khách sạn tiêu chuẩn, nằm ở thị trấn, gần khu du lịch.",3.5,"(+84) 263 3835 555","langbianghotel@hotel.vn","Thị trấn Lạc Dương, Huyện Lạc Dương, Lâm Đồng",
65,"Đan Kia Resort & Camping","Khu nghỉ dưỡng và cắm trại, gần hồ Đan Kia và núi Lang Biang.",4.0,"(+84) 263 3838 111","dankia.camp@resort.vn","Xã Lát, Huyện Lạc Dương, Lâm Đồng",
65,"Khách sạn Lạc Dương (Núi Lang Biang)","Khách sạn bình dân, sạch sẽ, phục vụ khách tham quan.",3.3,"(+84) 263 3836 222","lacduonglb@hotel.vn","Thị trấn Lạc Dương, Huyện Lạc Dương, Lâm Đồng",
66,"Silk Marina Resort & Spa Hoi An","Resort 4 sao, nằm ven sông Hoài, kiến trúc pha trộn truyền thống và hiện đại.",4.4,"(+84) 235 3963 111","rsvn@silkmarinahoian.com","74 Lương Văn Can, Cẩm Châu, Hội An, Quảng Nam",
66,"RiverTown Hoi An Resort & Spa","Resort 4 sao, view sông, gần khu phố cổ, có hồ bơi lớn.",4.3,"(+84) 235 3922 888","info@rivertownhoian.com","23 Thoại Ngọc Hầu, Cẩm Châu, Hội An, Quảng Nam",
66,"La Residencia Boutique Hotel Hoi An","Khách sạn boutique, thiết kế cổ kính, nằm gần trung tâm phố cổ.",4.1,"(+84) 235 3923 777","rsvn@laresidenciahoian.com","68/2 Trần Hưng Đạo, Cẩm Châu, Hội An, Quảng Nam",
66,"Khách sạn Phố Cổ Hội An","Khách sạn 3 sao, giá cả hợp lý, tiện nghi cơ bản, gần khu du lịch.",3.8,"(+84) 235 3915 000","phocohoian@hotel.vn","12 Nguyễn Duy Hiệu, Cẩm Châu, Hội An, Quảng Nam",
66,"Anantara Hoi An Resort","Resort 5 sao, nằm dọc sông Hoài, không gian lãng mạn, kiến trúc độc đáo.",4.5,"(+84) 235 3914 555","hoian@anantara.com","1 Phạm Hồng Thái, Cẩm Châu, Hội An, Quảng Nam",
67,"An Bang Beach Hideaway Homestay","Homestay nhỏ, gần biển An Bàng, không gian yên tĩnh và riêng tư.",4.2,"(+84) 90 123 4567","anbanghideaway@homestay.com","Tổ 8, Khối An Tân, Cẩm An, Hội An, Quảng Nam",
67,"Aira Boutique Hoi An Hotel & Villa","Khách sạn 4 sao, gần biển An Bàng, có hồ bơi lớn và dịch vụ thân thiện.",4.3,"(+84) 235 3942 999","rsvn@airaboutiquehoian.com","Lô 22, Bãi Biển An Bàng, Cẩm An, Hội An, Quảng Nam",
67,"The Shinbids Hotel & Spa","Khách sạn 3 sao, tiện nghi, gần bãi biển, giá cả hợp lý.",3.9,"(+84) 235 3943 000","info@shinbidshotel.com","Nguyễn Phan Vinh, Khối Tân Thịnh, Cẩm An, Hội An, Quảng Nam",
67,"Boutique Hoi An Resort","Resort 4 sao, nằm sát biển An Bàng, khuôn viên xanh mát.",4.5,"(+84) 235 3911 111","res@boutiquehoian.com","Tổ 7, Khối An Tân, Cẩm An, Hội An, Quảng Nam",
67,"The DeckHouse An Bang Beach","Nhà nghỉ/Homestay, view biển, phong cách mộc mạc, gần khu ẩm thực.",4.0,"(+84) 90 987 6543","deckhouse@anbang.com","Bãi biển An Bàng, Cẩm An, Hội An, Quảng Nam",
68,"Hoi An Ancient House Resort & Spa","Resort 4 sao, kiến trúc nhà cổ truyền thống, gần phố cổ.",4.1,"(+84) 235 3929 666","rsvn@ancienthouseresort.com","202 Lý Thường Kiệt, Cẩm Phô, Hội An, Quảng Nam",
68,"Hotel Royal Hoi An - MGallery","Khách sạn 5 sao, nằm ven sông Hoài, kiến trúc độc đáo, dịch vụ sang trọng.",4.5,"(+84) 235 3929 777","rsvn@hotelroyalhoian.com","39 Đào Duy Từ, Cẩm Phô, Hội An, Quảng Nam",
68,"Phu Thinh Boutique Resort & Spa","Resort 4 sao, gần phố cổ, có hồ bơi, không gian yên tĩnh.",4.0,"(+84) 235 3862 666","info@phuthinhresort.com","240/2 Nguyễn Duy Hiệu, Cẩm Phô, Hội An, Quảng Nam",
68,"Hội An Historic Hotel","Khách sạn 4 sao, nằm trong khu phố cổ, thiết kế cổ kính.",3.9,"(+84) 235 3861 445","res@hoianhistorichotel.com.vn","10 Trần Hưng Đạo, Cẩm Phô, Hội An, Quảng Nam",
68,"Vinh Hung Riverside Resort & Spa","Resort 4 sao, view sông Hoài, không gian xanh mát.",4.2,"(+84) 235 3861 621","resort@vinhhungresort.com.vn","111 Ngô Quyền, Cẩm Phô, Hội An, Quảng Nam",
69,"Khách sạn Cẩm Hà","Khách sạn bình dân, nằm ở khu vực ngoại ô, giá rẻ, sạch sẽ.",3.2,"(+84) 235 3917 111","camhahotel@hoian.vn","Tỉnh lộ 608, Xã Cẩm Hà, Hội An, Quảng Nam",
69,"Homestay An Phát (Cẩm Hà)","Homestay nhỏ, gần khu vực đồng ruộng, trải nghiệm cuộc sống địa phương.",3.6,"(+84) 90 234 5678","anphathm@homestay.vn","Thôn Bầu Ốc, Xã Cẩm Hà, Hội An, Quảng Nam",
69,"Khách sạn Vĩnh An (Cẩm Hà)","Khách sạn tiêu chuẩn, tiện nghi cơ bản, phục vụ khách vãng lai.",3.4,"(+84) 235 3917 222","vinhanch@hotel.vn","Tỉnh lộ 608, Xã Cẩm Hà, Hội An, Quảng Nam",
69,"Cẩm Hà Garden Villa","Villa/Nhà nghỉ, có vườn tược, không gian yên tĩnh, giá phải chăng.",3.8,"(+84) 90 987 6543","camhagarden@villa.com","Thôn Trà Quế, Xã Cẩm Hà, Hội An, Quảng Nam",
69,"Khách sạn Làng Lụa Hội An","Khách sạn 4 sao, nằm ở khu vực yên tĩnh, gần Làng Lụa truyền thống.",4.0,"(+84) 235 3914 999","info@langluaresort.com","28 Nguyễn Tất Thành, Cẩm Phô, Hội An, Quảng Nam (Gần Cẩm Hà)",
70,"Coconut River Homestay","Homestay nhỏ, nằm giữa rừng dừa Bảy Mẫu, trải nghiệm chèo thuyền thúng.",4.3,"(+84) 90 234 5678","coconutriver@homestay.com","Thôn Vạn Lăng, Cẩm Thanh, Hội An, Quảng Nam",
70,"An Villa Hoi An","Villa/Resort nhỏ, nằm ven sông, không gian yên tĩnh, gần khu du lịch sinh thái.",4.5,"(+84) 235 3915 555","anvilla@hoian.com","Tổ 5, Thôn Thanh Nhứt, Cẩm Thanh, Hội An, Quảng Nam",
70,"Hội An Eco Lodge & Spa","Eco resort, kiến trúc nhà tre, nằm trong khu vực đồng lúa và sông nước.",4.1,"(+84) 235 3914 888","rsvn@hoianecolodge.com","Thôn Võng Nhi, Cẩm Thanh, Hội An, Quảng Nam",
70,"Khách sạn Cẩm Thanh","Khách sạn bình dân, sạch sẽ, giá cả phải chăng, gần khu sinh thái.",3.5,"(+84) 235 3916 111","camthanhhotel@hoian.vn","Đường Nguyễn Duy Trinh, Cẩm Thanh, Hội An, Quảng Nam",
70,"Waterland Homestay (Cẩm Thanh)","Homestay nhỏ, view sông, dịch vụ thân thiện, cho thuê xe đạp miễn phí.",3.8,"(+84) 90 987 6543","waterland@homestay.vn","Tổ 6, Thôn Thanh Nhứt, Cẩm Thanh, Hội An, Quảng Nam",
71,"Anantara Hoi An Resort","Resort 5 sao, nằm dọc sông Hoài, gần khu phố cổ (Minh An).",4.5,"(+84) 235 3914 555","hoian@anantara.com","1 Phạm Hồng Thái, Phường Minh An, Hội An, Quảng Nam",
71,"Boutique Villa Hội An","Villa/Khách sạn boutique, gần phố cổ, thiết kế ấm cúng.",4.2,"(+84) 235 3915 777","boutiquevilla@hoian.com","20 Nguyễn Phúc Chu, Phường Minh An, Hội An, Quảng Nam",
71,"Khách sạn Hội An Historic","Khách sạn 4 sao, nằm ngay khu vực phố cổ, thuận tiện tham quan.",3.9,"(+84) 235 3861 445","res@hoianhistorichotel.com.vn","10 Trần Hưng Đạo, Phường Minh An, Hội An, Quảng Nam",
71,"Vinh Hung Heritage Hotel","Khách sạn 3 sao, nằm trong một căn nhà cổ, trải nghiệm lưu trú độc đáo.",4.0,"(+84) 235 3861 381","heritage@vinhhung.com","149 Trần Phú, Phường Minh An, Hội An, Quảng Nam",
71,"Hội An Lantern Hotel","Khách sạn 3 sao, nằm gần chợ đêm và phố cổ, giá cả hợp lý.",3.7,"(+84) 235 3914 000","lanternhotel@hoian.vn","30 Trần Hưng Đạo, Phường Minh An, Hội An, Quảng Nam",
72,"Hội An Riverside Resort & Spa","Resort 4 sao, nằm ven sông Thu Bồn (Cẩm Nam), không gian xanh mát.",4.3,"(+84) 235 3864 888","rsvn@hoianriverside.com.vn","Đường Cẩm Nam, Xã Cẩm Nam, Hội An, Quảng Nam",
72,"Khách sạn Cẩm Nam","Khách sạn bình dân, sạch sẽ, nằm ở khu vực yên tĩnh, gần sông.",3.4,"(+84) 235 3917 222","camnamhotel@hoian.vn","Đường Hùng Vương, Xã Cẩm Nam, Hội An, Quảng Nam",
72,"Green Tea Homestay (Cẩm Nam)","Homestay nhỏ, view sông, gần khu vực cầu Cẩm Nam.",3.7,"(+84) 90 123 4567","greenteacn@homestay.com","Thôn Đông Hào, Xã Cẩm Nam, Hội An, Quảng Nam",
72,"River View Villa (Cẩm Nam)","Villa nhỏ, view sông, thích hợp cho gia đình, có hồ bơi.",4.0,"(+84) 235 3915 888","riverviewcn@villa.com","Đường Cẩm Nam, Xã Cẩm Nam, Hội An, Quảng Nam",
72,"Hội An Golden River Hotel","Khách sạn 3 sao, nằm ven sông, gần trung tâm, giá phải chăng.",3.6,"(+84) 235 3916 000","goldenriver@hoianhotel.com","102 Đường Cẩm Nam, Xã Cẩm Nam, Hội An, Quảng Nam",
73,"Vinh Hung Heritage Hotel","Khách sạn 3 sao, nằm trong một căn nhà cổ ở phố cổ (Sơn Phong).",4.0,"(+84) 235 3861 381","heritage@vinhhung.com","149 Trần Phú, Phường Minh An, Hội An, Quảng Nam (Gần SP)",
73,"Hội An Historic Hotel","Khách sạn 4 sao, nằm ngay khu vực phố cổ, thuận tiện tham quan.",3.9,"(+84) 235 3861 445","res@hoianhistorichotel.com.vn","10 Trần Hưng Đạo, Phường Minh An, Hội An, Quảng Nam (Gần SP)",
73,"Khách sạn Hội An Central","Khách sạn 3 sao, vị trí trung tâm, gần Chùa Cầu.",3.7,"(+84) 235 3914 000","centralhotel@hoian.vn","30 Trần Hưng Đạo, Phường Minh An, Hội An, Quảng Nam (Gần SP)",
73,"Hoi An Lantern Hotel","Khách sạn 3 sao, nằm gần chợ đêm và phố cổ.",3.7,"(+84) 235 3914 000","lanternhotel@hoian.vn","30 Trần Hưng Đạo, Phường Minh An, Hội An, Quảng Nam (Gần SP)",
73,"Little Riverside Hoi An, A Luxury Hotel & Spa","Khách sạn 5 sao, view sông, gần phố cổ, dịch vụ sang trọng.",4.6,"(+84) 235 3575 555","rsvn@littleriversidehoian.com","17 Tôn Đức Thắng, Phường Cẩm Nam, Hội An, Quảng Nam (Gần SP)",
74,"Victoria Hoi An Beach Resort & Spa","Resort 4 sao, kiến trúc làng chài, nằm sát biển Cửa Đại.",4.3,"(+84) 235 3927 040","rsvn.hoian@victoriahotels.asia","Cửa Đại, Hội An, Quảng Nam",
74,"Sunrise Premium Resort & Spa Hoi An","Resort 5 sao, bãi biển riêng, dịch vụ cao cấp.",4.5,"(+84) 235 3918 888","res@sunrisehoian.vn","Âu Cơ, Bãi biển Cửa Đại, Hội An, Quảng Nam",
74,"Mường Thanh Holiday Hội An Hotel","Khách sạn 4 sao, nằm gần biển Cửa Đại, tiện nghi đầy đủ.",4.0,"(+84) 235 3916 999","rsvn.hoian@muongthanh.vn","608-610 Cửa Đại, Cửa Đại, Hội An, Quảng Nam",
74,"Palm Garden Beach Resort & Spa Hoi An","Resort 5 sao, khuôn viên rộng, bãi biển dài, nhiều cây xanh.",4.4,"(+84) 235 3927 927","rsvn@palmgardenresort.com.vn","Lạc Long Quân, Cửa Đại, Hội An, Quảng Nam",
74,"Boutique Hoi An Resort","Resort 4 sao, nằm sát biển Cửa Đại, khuôn viên xanh mát.",4.2,"(+84) 235 3911 111","res@boutiquehoian.com","Tổ 7, Khối An Tân, Cẩm An, Hội An, Quảng Nam",
75,"A & M Hotel Mũi Né","Khách sạn 3 sao, sạch sẽ, gần bãi biển và khu vực Làng Chài.",3.7,"(+84) 252 3848 111","amhotel@muine.vn","121 Nguyễn Đình Chiểu, Hàm Tiến, Phan Thiết, Bình Thuận (Mũi Né)",
75,"Anantara Mui Ne Resort","Resort 5 sao, thiết kế sang trọng, bãi biển riêng tư.",4.6,"(+84) 252 3847 007","muine@anantara.com","12A Nguyễn Đình Chiểu, Hàm Tiến, Phan Thiết, Bình Thuận (Mũi Né)",
75,"Muine Bay Resort","Resort 4 sao, nằm ở khu vực yên tĩnh, có bãi biển riêng.",4.1,"(+84) 252 3836 666","rsvn@muinebayresort.com","Mũi Né, Phan Thiết, Bình Thuận",
75,"The Cliff Resort & Residences","Resort 4 sao, nằm trên vách đá, view biển tuyệt đẹp.",4.4,"(+84) 252 3719 111","rsvn@thecliffresort.com.vn","Khu phố 5, Phường Phú Hài, Phan Thiết, Bình Thuận (Mũi Né)",
75,"Pandanus Resort Mui Ne","Resort 4 sao, khuôn viên rộng, nhiều cây xanh, sát biển.",4.2,"(+84) 252 3849 890","info@pandanusresort.com","Mũi Né, Phan Thiết, Bình Thuận",
76,"Princess D'An Nam Resort & Spa","Resort 5 sao, kiến trúc Chăm cổ, bãi biển riêng tư, khu vực yên tĩnh.",4.5,"(+84) 252 3683 999","rsvn@princessdannam.com","Khu phố 1, Xã Tiến Thành, Phan Thiết, Bình Thuận",
76,"Centara Mirage Resort Mui Ne","Resort 4 sao, công viên nước, phù hợp cho gia đình, view biển Tiến Thành.",4.4,"(+84) 252 3848 888","cmm@chr.co.th","Khu phố 1, Xã Tiến Thành, Phan Thiết, Bình Thuận",
76,"Champa Resort & Spa","Resort 3 sao, không gian xanh mát, gần biển, giá cả hợp lý.",3.9,"(+84) 252 3848 666","info@champaresort.com.vn","Km 14, Nguyễn Đình Chiểu, Hàm Tiến, Phan Thiết (Gần Tiến Thành)",
76,"Golden Coast Resort & Spa","Resort 4 sao, bãi biển riêng, nhiều tiện ích, yên tĩnh.",4.1,"(+84) 252 3846 666","rsvn@goldencoastresort.com.vn","Km 14, Xã Tiến Thành, Phan Thiết, Bình Thuận",
76,"Khu nghỉ dưỡng Tiến Thành","Nhà nghỉ/Resort nhỏ, tiện nghi cơ bản, gần biển.",3.6,"(+84) 252 3849 555","tienthanhresort@hotel.vn","Xã Tiến Thành, Phan Thiết, Bình Thuận",
77,"Khách sạn TTC World - Phan Thiết","Khách sạn 4 sao, nằm gần trung tâm thành phố, tiện nghi đầy đủ.",3.8,"(+84) 252 3822 555","ttcpth@hotel.vn","01 Nguyễn Tất Thành, Phường Phú Thủy, Phan Thiết, Bình Thuận",
77,"Novotel Phan Thiết (Phú Thủy)","Khách sạn 4 sao, nằm gần công viên và khu hành chính.",4.0,"(+84) 252 3823 456","rsvn@novotelpt.com","50 Tuyên Quang, Phường Phú Thủy, Phan Thiết, Bình Thuận",
77,"Khách sạn Cà Ty","Khách sạn 3 sao, nằm ven sông Cà Ty, gần chợ Phan Thiết.",3.5,"(+84) 252 3822 000","catyhotel@hotel.vn","40 Trần Hưng Đạo, Phường Phú Thủy, Phan Thiết, Bình Thuận",
77,"Khách sạn Bình Minh (Phú Thủy)","Khách sạn bình dân, sạch sẽ, gần khu dân cư và các khu mua sắm.",3.3,"(+84) 252 3821 111","binhminhpt@hotel.vn","12 Nguyễn Huệ, Phường Phú Thủy, Phan Thiết, Bình Thuận",
77,"Khách sạn Sài Gòn - Phan Thiết","Khách sạn 3 sao, tiện nghi cơ bản, gần các khu vực nội thành.",3.6,"(+84) 252 3825 888","saigonpt@hotel.vn","20 Hải Thượng Lãn Ông, Phường Phú Thủy, Phan Thiết, Bình Thuận",
78,"Aurora Resort & Spa (La Gi)","Resort 4 sao, bãi biển yên tĩnh, không gian nghỉ dưỡng.",4.0,"(+84) 252 3876 543","rsvn@auroralagi.com","Bãi biển Coco Beach, Xã Tân Phước, Thị xã La Gi, Bình Thuận",
78,"Đất Lành Resort (La Gi)","Resort 3 sao, khuôn viên xanh, gần biển, giá cả phải chăng.",3.8,"(+84) 252 3875 111","datlanh@resort.vn","Xã Tân Hải, Thị xã La Gi, Bình Thuận",
78,"Khách sạn La Gi Xanh","Khách sạn bình dân, nằm ở trung tâm thị xã, sạch sẽ.",3.2,"(+84) 252 3874 000","lagixanh@hotel.vn","55 Thống Nhất, Phường Phước Hội, Thị xã La Gi, Bình Thuận",
78,"Novotel La Gi Resort","Resort 4 sao, nằm ven biển, dịch vụ cao cấp hơn khu vực lân cận.",4.3,"(+84) 252 3873 999","rsvn@novotellagi.com","Bãi biển Cam Bình, Xã Tân Phước, Thị xã La Gi, Bình Thuận",
78,"Homestay Hương Biển (La Gi)","Homestay nhỏ, gần bãi biển, không gian thân thiện.",3.5,"(+84) 90 123 4567","huongbienlg@homestay.vn","Khu phố 3, Phường Phước Lộc, Thị xã La Gi, Bình Thuận",
79,"The Cliff Resort & Residences","Resort 4 sao, nằm trên vách đá, view biển tuyệt đẹp, gần Tháp Chăm Po Sah Inu.",4.4,"(+84) 252 3719 111","rsvn@thecliffresort.com.vn","Khu phố 5, Phường Phú Hài, Phan Thiết, Bình Thuận",
79,"Muine Bay Resort (Phú Hài)","Resort 4 sao, nằm ở khu vực yên tĩnh, có bãi biển riêng.",4.1,"(+84) 252 3836 666","rsvn@muinebayresort.com","Mũi Né, Phan Thiết, Bình Thuận (Gần Phú Hài)",
79,"Poshanu Resort","Resort 3 sao, kiến trúc Chăm, gần Tháp Po Sah Inu, yên tĩnh.",3.9,"(+84) 252 3845 000","poshanu@resort.vn","Khu phố 5, Phường Phú Hài, Phan Thiết, Bình Thuận",
79,"Khách sạn TTC World - Phan Thiết","Khách sạn 4 sao, nằm gần trung tâm thành phố, tiện nghi đầy đủ.",3.8,"(+84) 252 3822 555","ttcpth@hotel.vn","01 Nguyễn Tất Thành, Phường Phú Thủy, Phan Thiết (Gần Phú Hài)",
79,"Khách sạn Hoàng Yến (Phú Hài)","Khách sạn bình dân, sạch sẽ, tiện nghi cơ bản.",3.4,"(+84) 252 3848 999","hoangyenphh@hotel.vn","15 Nguyễn Đình Chiểu, Phường Phú Hài, Phan Thiết, Bình Thuận",
80,"Princess D'An Nam Resort & Spa","Resort 5 sao, kiến trúc Chăm cổ, bãi biển riêng, khu vực yên tĩnh.",4.5,"(+84) 252 3683 999","rsvn@princessdannam.com","Khu phố 1, Xã Tiến Thành, Phan Thiết (Gần HTN)",
80,"Bình An Village Resort (Hàm Thuận Nam)","Resort 4 sao, không gian xanh, yên tĩnh, gần ngọn hải đăng Kê Gà.",4.2,"(+84) 252 3683 000","binhanvillage@resort.vn","Hải Đăng Kê Gà, Xã Tân Thành, Hàm Thuận Nam, Bình Thuận",
80,"NovaWorld Phan Thiết (Hàm Thuận Nam)","Khu phức hợp nghỉ dưỡng, biệt thự, giải trí đa dạng.",4.6,"(+84) 252 3898 989","novaworld@resort.com","Xã Tiến Thành, Phan Thiết, Bình Thuận (Gần HTN)",
80,"Khách sạn Hàm Thuận Nam","Khách sạn bình dân, sạch sẽ, nằm ở khu vực trung tâm huyện.",3.3,"(+84) 252 3870 111","hamthuannam@hotel.vn","Thị trấn Thuận Nam, Huyện Hàm Thuận Nam, Bình Thuận",
80,"VietStar Resort & Spa","Resort 3 sao, tiện nghi cơ bản, bãi biển riêng, giá phải chăng.",3.7,"(+84) 252 3871 222","vietstarhtn@resort.vn","Xã Tân Thành, Hàm Thuận Nam, Bình Thuận",
81,"Centara Mirage Resort Mui Ne (Hoà Thắng)","Resort 4 sao, công viên nước, phù hợp cho gia đình.",4.4,"(+84) 252 3848 888","cmm@chr.co.th","Khu phố 1, Xã Tiến Thành, Phan Thiết (Gần HT)",
81,"Resort Rạng Đông (Hoà Thắng)","Resort 3 sao, nằm gần khu vực đồi cát, không gian thoáng đãng.",3.9,"(+84) 252 3846 111","rangdong@resort.vn","Xã Hoà Thắng, Huyện Bắc Bình, Bình Thuận",
81,"Đồi Cát Bay Homestay (Hoà Thắng)","Homestay nhỏ, gần đồi cát bay, trải nghiệm địa phương.",3.5,"(+84) 90 123 4567","doicatbay@homestay.vn","Xã Hoà Thắng, Huyện Bắc Bình, Bình Thuận",
81,"Khách sạn Bàu Trắng","Khách sạn bình dân, sạch sẽ, gần khu du lịch Bàu Trắng.",3.2,"(+84) 252 3845 222","bautrang@hotel.vn","Xã Hoà Thắng, Huyện Bắc Bình, Bình Thuận",
81,"Peace Resort (Hoà Thắng)","Resort nhỏ, yên tĩnh, nằm gần biển và đồi cát.",3.8,"(+84) 252 3847 333","peaceht@resort.vn","Xã Hoà Thắng, Huyện Bắc Bình, Bình Thuận",
82,"JW Marriott Phu Quoc Emerald Bay Resort & Spa","Khu nghỉ dưỡng 5 sao, thiết kế độc đáo của Bill Bensley, bãi biển riêng.",4.7,"(+84) 297 3779 999","rsvn.phuquoc@marriott.com","Bãi Khem, An Thới, Phú Quốc, Kiên Giang",
82,"Premier Residences Phu Quoc Emerald Bay","Khu căn hộ và resort 5 sao, gần bãi Khem và cáp treo Hòn Thơm.",4.5,"(+84) 297 3927 777","rsvn.premierphuquoc@accor.com","Bãi Khem, An Thới, Phú Quốc, Kiên Giang",
82,"Sun Premier Village Phu Quoc Resort","Khu biệt thự 5 sao, có hồ bơi riêng, nằm ở Mũi Ông Đội, view hai mặt biển.",4.6,"(+84) 297 3927 888","rsvn.spv@sunproperty.com","Mũi Ông Đội, An Thới, Phú Quốc, Kiên Giang",
82,"Khách sạn An Thới","Khách sạn bình dân, sạch sẽ, nằm gần bến tàu và cáp treo.",3.5,"(+84) 297 3928 111","anthoihotel@phuquoc.vn","Khu phố 3, Thị trấn An Thới, Phú Quốc, Kiên Giang",
82,"New World Phu Quoc Resort","Resort 5 sao, kiến trúc làng chài, nằm trên bãi Khem, dịch vụ sang trọng.",4.6,"(+84) 297 3605 555","rsvn.newworld@newworldhotels.com","Bãi Khem, An Thới, Phú Quốc, Kiên Giang",
83,"Vinpearl Discovery Wonderworld Phu Quoc","Resort 5 sao, nằm gần VinWonders và Safari, có biệt thự hồ bơi riêng.",4.4,"(+84) 297 3550 550","res@vinpearl.com","Bãi Dài, Gành Dầu, Phú Quốc, Kiên Giang (Gần Dương Đông)",
83,"Salinda Resort Phu Quoc Island","Resort 5 sao, gần sân bay, kiến trúc kết hợp hiện đại và truyền thống.",4.6,"(+84) 297 3990 011","info@salindaresort.com","Trần Hưng Đạo, Cửa Lấp, Phú Quốc, Kiên Giang (Gần Dương Đông)",
83,"The Shells Resort & Spa Phu Quoc","Resort 5 sao, thiết kế hình vỏ sò độc đáo, nằm sát biển.",4.3,"(+84) 297 3718 888","rsvn@shellsresort.com.vn","Gành Gió, Thị trấn Dương Đông, Phú Quốc, Kiên Giang",
83,"Lahana Resort Phu Quoc","Resort 4 sao, nằm trên đồi, view biển, gần trung tâm thị trấn.",4.1,"(+84) 297 3981 111","rsvn@lahanaresort.com.vn","91/3 Trần Hưng Đạo, Thị trấn Dương Đông, Phú Quốc, Kiên Giang",
83,"Tân Kim Ngân Hotel (Dương Đông)","Khách sạn bình dân, sạch sẽ, nằm gần chợ đêm và khu trung tâm.",3.5,"(+84) 297 3990 000","tankimngan@hotel.vn","121 Trần Hưng Đạo, Thị trấn Dương Đông, Phú Quốc, Kiên Giang",
84,"Mường Thanh Luxury Phú Quốc","Khách sạn 5 sao, view biển, gần sân bay, tiện nghi cao cấp.",4.2,"(+84) 297 3928 000","rsvn.phuquoc@muongthanh.vn","Lô D, Bãi Trường, Xã Dương Tơ, Phú Quốc, Kiên Giang",
84,"InterContinental Phu Quoc Long Beach Resort","Resort 5 sao, nằm trên Bãi Trường, khu phức hợp nghỉ dưỡng cao cấp.",4.6,"(+84) 297 3978 888","rsvn.icphuquoc@ihg.com","Bãi Trường, Xã Dương Tơ, Phú Quốc, Kiên Giang",
84,"Novotel Phu Quoc Resort","Resort 4 sao, nằm trên Bãi Trường, phù hợp cho gia đình.",4.3,"(+84) 297 6268 888","rsvn@novotelphuquoc.com","Bãi Trường, Xã Dương Tơ, Phú Quốc, Kiên Giang",
84,"Sunset Sanato Resort & Villas","Resort 4 sao, nổi tiếng với cổng chào và kiến trúc check-in độc đáo.",4.1,"(+84) 297 6268 666","rsvn@sunsetsanato.com","Bãi Trường, Xã Dương Tơ, Phú Quốc, Kiên Giang",
84,"Best Western Premier Sonasea Phu Quoc","Resort 5 sao, nằm trên Bãi Trường, hồ bơi dài, dịch vụ đầy đủ.",4.4,"(+84) 297 6267 999","rsvn@sonaseaphuquoc.com","Tổ 5, Bãi Trường, Xã Dương Tơ, Phú Quốc, Kiên Giang",
85,"Vinpearl Discovery Wonderworld Phu Quoc","Resort 5 sao, gần VinWonders và Safari, có biệt thự hồ bơi riêng.",4.4,"(+84) 297 3550 550","res@vinpearl.com","Bãi Dài, Gành Dầu, Phú Quốc, Kiên Giang",
85,"Vinpearl Resort & Spa Phu Quoc","Resort 5 sao, nằm sát biển Bãi Dài, kiến trúc cổ điển, dịch vụ đa dạng.",4.5,"(+84) 297 3550 000","rsvn.vppq@vinpearl.com","Bãi Dài, Gành Dầu, Phú Quốc, Kiên Giang",
85,"Crowne Plaza Phu Quoc Starbay","Khách sạn 5 sao, nằm trên Bãi Dài, khu vực yên tĩnh, có bãi biển riêng.",4.6,"(+84) 297 3683 999","info@cpphuquoc.com","Bãi Dài, Gành Dầu, Phú Quốc, Kiên Giang",
85,"Fusion Resort Phu Quoc","Resort 5 sao, villa có hồ bơi riêng, spa trọn gói, nằm ở khu vực Bãi Dài.",4.7,"(+84) 297 3690 000","rsvn.frpq@fusionhotelgroup.com","Khu Du lịch Bãi Dài, Gành Dầu, Phú Quốc, Kiên Giang",
85,"Radisson Blu Resort Phu Quoc","Resort 5 sao, gần Casino và VinWonders, hồ bơi lớn.",4.4,"(+84) 297 3660 555","rsvn@radissonbluphuquoc.com","Bãi Dài, Gành Dầu, Phú Quốc, Kiên Giang",
86,"Chen Sea Resort & Spa Phu Quoc","Resort 5 sao, thiết kế bungalow, nằm trên bãi biển yên tĩnh Ông Lang.",4.5,"(+84) 297 3995 858","rsvn@chensea.com","Bãi biển Ông Lang, Xã Cửa Dương, Phú Quốc, Kiên Giang",
86,"Dusit Princess Moonrise Beach Resort","Resort 4 sao, view biển Ông Lang, hồ bơi vô cực.",4.2,"(+84) 297 6265 555","rsvn@dusit.com","Bãi biển Ông Lang, Xã Cửa Dương, Phú Quốc, Kiên Giang",
86,"Mövenpick Residences Phu Quoc","Khu căn hộ và resort 5 sao, gần khu vực Ông Lang, dịch vụ cao cấp.",4.3,"(+84) 297 3698 888","rsvn@movenpickphuquoc.com","Bãi biển Ông Lang, Xã Cửa Dương, Phú Quốc, Kiên Giang",
86,"Mango Bay Resort Phu Quoc","Eco resort, thiết kế thân thiện môi trường, nằm trên bãi biển Ông Lang.",4.1,"(+84) 297 3981 683","info@mangobayphuquoc.com","Bãi biển Ông Lang, Xã Cửa Dương, Phú Quốc, Kiên Giang",
86,"The Palmy Resort & Spa","Resort 3 sao, tiện nghi cơ bản, gần biển Ông Lang, giá phải chăng.",3.8,"(+84) 297 3981 234","palmyresort@phuquoc.vn","Bãi biển Ông Lang, Xã Cửa Dương, Phú Quốc, Kiên Giang",
87,"Khách sạn Cửa Dương","Khách sạn bình dân, sạch sẽ, nằm ở khu vực trung tâm xã, gần rừng.",3.4,"(+84) 297 3990 111","cuaduonghotel@phuquoc.vn","Ấp Búng Gội, Xã Cửa Dương, Phú Quốc, Kiên Giang",
87,"The Shells Resort & Spa Phu Quoc","Resort 5 sao, thiết kế hình vỏ sò độc đáo, nằm sát biển Gành Gió.",4.3,"(+84) 297 3718 888","rsvn@shellsresort.com.vn","Gành Gió, Thị trấn Dương Đông, Phú Quốc, Kiên Giang (Gần CĐ)",
87,"Sea Sense Resort Phu Quoc","Resort 4 sao, nằm trên sườn đồi, view biển, khu vực yên tĩnh.",4.1,"(+84) 297 3995 888","seasense@resort.vn","Bãi Ông Lang, Xã Cửa Dương, Phú Quốc, Kiên Giang",
87,"Khách sạn Hoàng Yến (Cửa Dương)","Khách sạn nhỏ, sạch sẽ, tiện nghi cơ bản, gần khu dân cư.",3.5,"(+84) 297 3990 222","hoangyenphuquoc@hotel.vn","Ấp Búng Gội, Xã Cửa Dương, Phú Quốc, Kiên Giang",
87,"La Casa Resort (Cửa Dương)","Resort nhỏ, không gian xanh mát, yên tĩnh, gần trung tâm.",3.9,"(+84) 297 3990 333","lacasaresort@phuquoc.com","Ấp Cửa Lấp, Xã Dương Tơ, Phú Quốc, Kiên Giang (Gần CĐ)",
88,"Salinda Resort Phu Quoc Island","Resort 5 sao, gần sân bay, kiến trúc kết hợp hiện đại và truyền thống.",4.6,"(+84) 297 3990 011","info@salindaresort.com","Trần Hưng Đạo, Cửa Lấp, Phú Quốc, Kiên Giang",
88,"La Veranda Resort Phu Quoc - MGallery","Resort 5 sao, kiến trúc biệt thự Pháp cổ, nằm sát biển, khu vực yên tĩnh.",4.5,"(+84) 297 3982 988","rsvn@laverandaresort.com","Trần Hưng Đạo, Cửa Lấp, Phú Quốc, Kiên Giang",
88,"The Garden House Phu Quoc","Resort/Villa 4 sao, không gian sân vườn, gần biển Cửa Lấp.",4.2,"(+84) 297 3981 555","gardenhouse@phuquoc.vn","Ấp Cửa Lấp, Xã Dương Tơ, Phú Quốc, Kiên Giang",
88,"Phú Quốc Sen Hotel","Khách sạn 3 sao, sạch sẽ, tiện nghi, gần khu vực chợ đêm và trung tâm.",3.8,"(+84) 297 3995 999","senhotel@phuquoc.vn","60 Trần Hưng Đạo, Cửa Lấp, Phú Quốc, Kiên Giang",
88,"Ancarine Beach Resort","Resort 3 sao, nằm sát biển, giá cả phải chăng, khu vực Cửa Lấp.",3.9,"(+84) 297 3982 111","rsvn@ancarinebeach.com","Trần Hưng Đạo, Cửa Lấp, Phú Quốc, Kiên Giang",
89,"Hàm Ninh Homestay & Restaurant","Homestay nhỏ, nằm ở làng chài, trải nghiệm cuộc sống địa phương, nổi tiếng hải sản.",3.7,"(+84) 90 123 4567","hamninh@homestay.com","Ấp Rạch Hàm, Xã Hàm Ninh, Phú Quốc, Kiên Giang",
89,"Khách sạn Hàm Ninh","Khách sạn bình dân, sạch sẽ, tiện nghi cơ bản, gần cầu cảng Hàm Ninh.",3.4,"(+84) 297 3996 000","hamninhhotel@phuquoc.vn","Xã Hàm Ninh, Phú Quốc, Kiên Giang",
89,"Hòn Đảo Xanh Resort (Hàm Ninh)","Resort nhỏ, không gian yên tĩnh, gần biển và khu vực rừng núi.",3.9,"(+84) 297 3996 111","hondaoxanh@resort.vn","Xã Hàm Ninh, Phú Quốc, Kiên Giang",
89,"Hàm Ninh Retreat","Nhà nghỉ/bungalow, thiết kế đơn giản, view biển Hàm Ninh.",3.6,"(+84) 90 987 6543","hamninhretreat@email.com","Xã Hàm Ninh, Phú Quốc, Kiên Giang",
89,"Homestay Làng Chài","Homestay nhỏ, thiết kế mộc mạc, gần khu vực chợ hải sản Hàm Ninh.",3.5,"(+84) 297 3996 222","langchaihmn@homestay.vn","Xã Hàm Ninh, Phú Quốc, Kiên Giang",
90,"Azerai La Residence Hue","Khách sạn 5 sao, kiến trúc thuộc địa Pháp, nằm ven sông Hương, view Đại Nội.",4.6,"(+84) 234 3986 688","rsvn@azerai.com","05 Lê Lợi, Phường Vĩnh Ninh, Thành phố Huế, Thừa Thiên Huế",
90,"Vedana Lagoon Resort & Spa","Resort 5 sao, nằm giữa đầm phá, kiến trúc độc đáo, dịch vụ spa cao cấp.",4.5,"(+84) 234 3811 866","rsvn@vedanalagoon.com","Phú Lộc, Thừa Thiên Huế (Gần TP Huế)",
90,"Indochine Palace Hue","Khách sạn 5 sao, thiết kế sang trọng, nằm ngay trung tâm thành phố.",4.3,"(+84) 234 3936 888","rsvn@indochinepalace.com","105A Hùng Vương, Phường Phú Nhuận, Thành phố Huế, Thừa Thiên Huế",
90,"Khách sạn Mường Thanh Holiday Huế","Khách sạn 4 sao, view sông Hương, tiện nghi đầy đủ.",4.0,"(+84) 234 3822 000","rsvn.hue@muongthanh.vn","38 Lê Lợi, Phường Phú Hội, Thành phố Huế, Thừa Thiên Huế",
90,"Khách sạn Duy Tân","Khách sạn 3 sao, vị trí trung tâm, giá cả phải chăng.",3.7,"(+84) 234 3825 001","duytanhotel@hue.vn","12 Hùng Vương, Phường Phú Nhuận, Thành phố Huế, Thừa Thiên Huế",
91,"Khách sạn Duyên Sinh","Khách sạn bình dân, nằm gần khu vực Đại Nội và các di tích lịch sử.",3.4,"(+84) 234 3522 111","duyensinh@hotel.vn","12 Nguyễn Trãi, Phường Thuận Hòa, Thành phố Huế",
91,"Hòa Bình Hotel (Cố Đô)","Khách sạn 3 sao, tiện nghi cơ bản, gần khu vực Kinh thành Huế.",3.6,"(+84) 234 3523 222","hoabinhhue@hotel.com","20 Phan Đăng Lưu, Phường Thuận Lộc, Thành phố Huế",
91,"Khách sạn Cố Đô Huế","Khách sạn nhỏ, sạch sẽ, giá cả phải chăng, gần các điểm tham quan.",3.3,"(+84) 234 3524 333","codohue@hotel.vn","10 Lê Huân, Phường Thuận Hòa, Thành phố Huế",
91,"Khách sạn Ancient Hue Garden Houses","Khu nghỉ dưỡng biệt thự vườn, kiến trúc truyền thống Huế, gần Đại Nội.",4.5,"(+84) 234 3525 555","rsvn@ancienthue.com.vn","104/47 Kim Long, Phường Kim Long, Thành phố Huế",
91,"Alba Spa Hotel","Khách sạn 4 sao, nằm gần trung tâm và khu vực Đại Nội, có dịch vụ spa.",4.1,"(+84) 234 3828 000","rsvn@albaspahotel.com","29 Trần Quang Khải, Phường Phú Hội, Thành phố Huế (Gần Cố Đô)",
92,"Azerai La Residence Hue","Khách sạn 5 sao, kiến trúc thuộc địa Pháp, nằm ven sông Hương, view Đại Nội.",4.6,"(+84) 234 3986 688","rsvn@azerai.com","05 Lê Lợi, Phường Vĩnh Ninh, Thành phố Huế",
92,"Khách sạn Mường Thanh Holiday Huế","Khách sạn 4 sao, view sông Hương, tiện nghi đầy đủ.",4.0,"(+84) 234 3822 000","rsvn.hue@muongthanh.vn","38 Lê Lợi, Phường Phú Hội, Thành phố Huế",
92,"Saigon Morin Hotel","Khách sạn 4 sao cổ kính, nằm ngay cầu Tràng Tiền và sông Hương.",4.2,"(+84) 234 3823 232","rsvn@saigonmorinhotel.com.vn","30 Lê Lợi, Phường Phú Hội, Thành phố Huế",
92,"Eldora Hotel","Khách sạn 4 sao, nằm gần sông Hương, dịch vụ cao cấp.",4.1,"(+84) 234 3866 222","info@eldorahotel.com","60 Bến Nghé, Phường Phú Hội, Thành phố Huế",
92,"Khách sạn Hoàng Yến (Sông Hương)","Khách sạn 3 sao, nằm gần khu vực sông, giá cả phải chăng.",3.5,"(+84) 234 3822 555","hoangyensh@hotel.vn","22 Võ Thị Sáu, Phường Phú Hội, Thành phố Huế",
93,"An Lộc Beach Resort (Thuận An)","Resort 3 sao, nằm sát biển Thuận An, không gian yên tĩnh.",3.9,"(+84) 234 3866 555","anlocresort@thuanan.com","Bãi biển Thuận An, Huyện Phú Vang, Thừa Thiên Huế",
93,"Biển Xanh Hotel (Thuận An)","Khách sạn bình dân, nằm gần biển, sạch sẽ, giá rẻ.",3.4,"(+84) 234 3866 111","bienxanhbt@hotel.vn","Thị trấn Thuận An, Huyện Phú Vang, Thừa Thiên Huế",
93,"Thuận An Beach Resort","Resort nhỏ, tiện nghi cơ bản, phục vụ khách du lịch biển.",3.6,"(+84) 234 3866 222","thuananbr@resort.vn","Bãi biển Thuận An, Huyện Phú Vang, Thừa Thiên Huế",
93,"Villa Huế (Thuận An)","Villa/Nhà nghỉ, gần biển, phù hợp cho nhóm gia đình.",3.7,"(+84) 90 123 4567","villahuebt@email.com","Thị trấn Thuận An, Huyện Phú Vang, Thừa Thiên Huế",
93,"Khách sạn Phố Biển (Thuận An)","Khách sạn nhỏ, tiện nghi cơ bản, gần khu ẩm thực biển.",3.3,"(+84) 234 3866 333","phobienbt@hotel.vn","Thị trấn Thuận An, Huyện Phú Vang, Thừa Thiên Huế",
94,"Tam Giang Lagoon Resort & Spa","Resort 4 sao, nằm ven phá Tam Giang, kiến trúc nhà tre, view đầm phá.",4.2,"(+84) 234 3866 777","rsvn@tamgianglagoon.com","Thôn Ngư Mỹ Thạnh, Xã Quảng Lợi, Huyện Quảng Điền, Thừa Thiên Huế",
94,"Homestay Cồn Tè (Tam Giang)","Homestay nhỏ, trải nghiệm cuộc sống địa phương, gần khu vực nuôi trồng thủy sản.",3.7,"(+84) 90 123 4567","contechm@homestay.vn","Thôn Cồn Tè, Huyện Quảng Điền, Thừa Thiên Huế",
94,"Khách sạn Thuận Phát (Tam Giang)","Khách sạn bình dân, sạch sẽ, nằm gần phá, giá rẻ.",3.3,"(+84) 234 3866 888","thuanphat@hotel.vn","Xã Quảng Lợi, Huyện Quảng Điền, Thừa Thiên Huế",
94,"Nhà nghỉ Bè Nổi Tam Giang","Nhà nghỉ dạng bè nổi trên phá, trải nghiệm độc đáo.",3.5,"(+84) 90 987 6543","benoi@tamgiang.com","Thôn Ngư Mỹ Thạnh, Xã Quảng Lợi, Huyện Quảng Điền, Thừa Thiên Huế",
94,"Khách sạn Sông Hương (Tam Giang)","Khách sạn tiêu chuẩn, nằm gần khu vực trung tâm xã, tiện nghi cơ bản.",3.6,"(+84) 234 3866 999","songhuongtg@hotel.vn","Thôn Ngư Mỹ Thạnh, Xã Quảng Lợi, Huyện Quảng Điền, Thừa Thiên Huế",
95,"Bạch Mã Village Resort","Khu nghỉ dưỡng bungalow, nằm gần suối và rừng, không gian thiên nhiên.",4.1,"(+84) 234 3897 111","bachmavillage@resort.vn","Huyện Phú Lộc, Thừa Thiên Huế (Gần VQG Bạch Mã)",
95,"Bach Ma National Park Guesthouse","Nhà khách/Nhà nghỉ của Vườn Quốc gia, tiện nghi cơ bản, gần khu trekking.",3.5,"(+84) 234 3897 222","guesthouse@bachmanationalpark.com","Khu vực Vườn Quốc gia Bạch Mã, Huyện Phú Lộc, Thừa Thiên Huế",
95,"Homestay Chân Núi Bạch Mã","Homestay nhỏ, nằm ở chân núi, không gian yên tĩnh, phục vụ ăn uống địa phương.",3.8,"(+84) 90 234 5678","channuibm@homestay.vn","Xã Lộc Trì, Huyện Phú Lộc, Thừa Thiên Huế",
95,"Vedana Lagoon Resort & Spa (Bạch Mã)","Resort 5 sao, nằm giữa đầm phá, kiến trúc độc đáo, gần khu vực Bạch Mã.",4.5,"(+84) 234 3811 866","rsvn@vedanalagoon.com","Phú Lộc, Thừa Thiên Huế (Gần Bạch Mã)",
95,"Khách sạn Lộc Trì (Bạch Mã)","Khách sạn bình dân, sạch sẽ, gần đường lên Vườn Quốc gia.",3.2,"(+84) 234 3897 333","loctrihotel@hotel.vn","Thị trấn Phú Lộc, Huyện Phú Lộc, Thừa Thiên Huế",
96,"Hotel de la Coupole Mgallery Sapa","Khách sạn 5 sao, kiến trúc Art Deco, nằm ngay trung tâm, dịch vụ sang trọng.",4.7,"(+84) 214 3629 999","rsvn@hoteldelacoupole.com","Số 1 Hoàng Liên, Thị xã Sa Pa, Lào Cai",
96,"Aira Boutique Sapa Hotel & Spa","Khách sạn 4 sao, view thung lũng, gần trung tâm, dịch vụ cao cấp.",4.4,"(+84) 214 3772 777","rsvn@airaboutiquesapa.com","30 Hoàng Liên, Thị xã Sa Pa, Lào Cai",
96,"KK Sapa Hotel","Khách sạn 5 sao, nằm gần trung tâm, view núi Fansipan, thiết kế hiện đại.",4.5,"(+84) 214 3629 888","rsvn@kksapahotel.com","8 Mường Hoa, Thị xã Sa Pa, Lào Cai",
96,"Sapa Summit Hotel","Khách sạn 3 sao, nằm ở vị trí đắc địa, gần nhà thờ đá.",3.9,"(+84) 214 3871 111","summitsapa@hotel.vn","12 Fansipan, Thị xã Sa Pa, Lào Cai",
96,"Khách sạn Mường Thanh Sapa","Khách sạn 4 sao, nằm ở trung tâm thị xã, tiện nghi đầy đủ.",4.1,"(+84) 214 3872 777","rsvn.sapa@muongthanh.vn","44 Ngũ Chỉ Sơn, Thị xã Sa Pa, Lào Cai",
97,"Topas Ecolodge Sapa","Khu nghỉ dưỡng sinh thái 4 sao, view ruộng bậc thang tuyệt đẹp, biệt lập.",4.6,"(+84) 214 3871 400","rsvn@topasecolodge.com","Bản Lầu, Xã Thanh Kim, Thị xã Sa Pa, Lào Cai (Gần LC-TV)",
97,"Sapa Jade Hill Resort & Spa","Resort 4 sao, kiến trúc nhà gỗ, view thung lũng Mường Hoa.",4.3,"(+84) 214 3626 666","info@sapajadehill.com","Thôn Lao Chải, Thị xã Sa Pa, Lào Cai",
97,"Phori's House Tả Van","Homestay nhỏ, thiết kế ấm cúng, nằm trong bản Tả Van, trải nghiệm địa phương.",4.1,"(+84) 90 123 4567","phoris@homestay.com","Bản Tả Van, Thị xã Sa Pa, Lào Cai",
97,"The Little Hmong Homestay","Homestay đơn giản, nằm giữa ruộng bậc thang, gần gũi thiên nhiên.",3.9,"(+84) 90 987 6543","littlehmong@homestay.vn","Bản Lao Chải, Thị xã Sa Pa, Lào Cai",
97,"Khách sạn Tả Van","Khách sạn/Nhà nghỉ bình dân, sạch sẽ, phục vụ khách trekking.",3.5,"(+84) 214 3871 500","tavanhotel@sapa.vn","Bản Tả Van, Thị xã Sa Pa, Lào Cai",
98,"Ta Phin Stone Garden Homestay","Homestay có vườn đá, gần bản Tả Phìn, không gian yên tĩnh.",4.0,"(+84) 90 234 5678","stonegarden@homestay.com","Bản Tả Phìn, Thị xã Sa Pa, Lào Cai",
98,"Sapa Eco-lodge Tả Phìn","Eco-bungalow, nằm giữa đồi núi, trải nghiệm tắm lá thuốc Dao Đỏ.",4.2,"(+84) 214 3871 600","ecolodgetp@sapa.com","Bản Tả Phìn, Thị xã Sa Pa, Lào Cai",
98,"Bản Tả Phìn Homestay Mộc","Homestay mộc mạc, gần tu viện cổ Tả Phìn, giá rẻ.",3.7,"(+84) 90 999 8888","homestaymoc@sapa.vn","Bản Tả Phìn, Thị xã Sa Pa, Lào Cai",
98,"Khách sạn Tả Phìn","Khách sạn bình dân, sạch sẽ, nằm gần khu trung tâm bản.",3.4,"(+84) 214 3871 700","taphinhotel@sapa.vn","Bản Tả Phìn, Thị xã Sa Pa, Lào Cai",
98,"Sapa Clay House - The Retreat","Resort/Homestay cao cấp, kiến trúc đất sét, view thung lũng Tả Phìn.",4.5,"(+84) 214 3871 800","rsvn@sapaclayhouse.com","Bản Tả Phìn, Thị xã Sa Pa, Lào Cai",